<?xml version="1.0" encoding="UTF-8"?>
<!-- v0.1 -->
<manifest xmlns="http://www.imsglobal.org/xsd/imscp_v1p1" xmlns:lom="http://ltsc.ieee.org/xsd/LOM" xmlns:xsi="http://www.w3.org/2001/XMLSchema-instance" xmlns:adlcp="http://www.adlnet.org/xsd/adlcp_v1p3" xmlns:imsss="http://www.imsglobal.org/xsd/imsss" xmlns:adlseq="http://www.adlnet.org/xsd/adlseq_v1p3" xmlns:adlnav="http://www.adlnet.org/xsd/adlnav_v1p3" identifier="com.ONRET.SCORM2004" xsi:schemaLocation="http://www.imsglobal.org/xsd/imscp_v1p1 imscp_v1p1.xsd   http://ltsc.ieee.org/xsd/LOM lom.xsd http://www.adlnet.org/xsd/adlcp_v1p3 adlcp_v1p3.xsd   http://www.imsglobal.org/xsd/imsss imsss_v1p0.xsd http://www.adlnet.org/xsd/adlseq_v1p3   adlseq_v1p3.xsd http://www.adlnet.org/xsd/adlnav_v1p3 adlnav_v1p3.xsd" version="1.3">
  <metadata>
    <schema>ADL SCORM</schema>
    <schemaversion>2004 4th Edition</schemaversion>
  </metadata>
  <organizations default="ONRET">
    <organization identifier="ONRET" adlseq:objectivesGlobalToSystem="false">
      <title>Sample Bundle V1</title>
      <item identifier="RootBundle" identifierref="ONRETWelcome" isvisible="true">
        <title>Welcome to ONR ET</title>
      </item>
      <item identifier="ITEM-B03700553ECF3E8C6E29689D3CE23A00" isvisible="true">
        <title>Transister</title>
        <item identifier="IniReading" identifierref="ETLaunch.html" isvisible="true" parameters="?CL=IniReading.html&amp;T=Transister">
          <title>IniReading</title>
          <imsss:sequencing IDRef="content_seq_rules">
            <imsss:objectives>
              <imsss:primaryObjective objectiveID="learning_objective_satisfied">
                <imsss:mapInfo readSatisfiedStatus="true" targetObjectiveID="com.ONRET.SCORM2004.Transistor_Satisfied" writeSatisfiedStatus="false" />
              </imsss:primaryObjective>
            </imsss:objectives>
          </imsss:sequencing>
        </item>
        <item identifier="AutoTutorDR" identifierref="ETLaunch.html" isvisible="true" parameters="?PT=Q&amp;T=Transistors&amp;SKO=AutoTutorDR">
          <title>AutoTutorDR</title>
          <imsss:sequencing IDRef="test_seq_rules">
            <imsss:objectives>
              <imsss:primaryObjective objectiveID="learning_objective_satisfied">
                <imsss:mapInfo readSatisfiedStatus="true" targetObjectiveID="com.ONRET.SCORM2004.Transistor_AutoTutorDR_High" writeNormalizedMeasure="true" writeSatisfiedStatus="true" />
              </imsss:primaryObjective>
            </imsss:objectives>
          </imsss:sequencing>
        </item>
        <item identifier="BBN" identifierref="ETLaunch.html" isvisible="true" parameters="?CL=BBN.html&amp;T=Transistor">
          <title>BBN</title>
          <imsss:sequencing IDRef="content_seq_rules">
            <imsss:objectives>
              <imsss:primaryObjective objectiveID="learning_objective_satisfied">
                <imsss:mapInfo readSatisfiedStatus="true" targetObjectiveID="com.ONRET.SCORM2004.Transistor_AutoTutorDR_High" writeSatisfiedStatus="false" />
              </imsss:primaryObjective>
            </imsss:objectives>
          </imsss:sequencing>
        </item>
        <item identifier="AutoTutorKC" identifierref="ETLaunch.html" isvisible="true" parameters="?PT=Q&amp;T=Transistor&amp;SKO=AutoTutorKC">
          <title>AutoTutorKC</title>
          <imsss:sequencing IDRef="test_seq_rules">
            <imsss:objectives>
              <imsss:primaryObjective objectiveID="learning_objective_satisfied">
                <imsss:mapInfo readSatisfiedStatus="true" targetObjectiveID="com.ONRET.SCORM2004.Transistor_AutoTutorDR_High" writeNormalizedMeasure="true" writeSatisfiedStatus="true" />
              </imsss:primaryObjective>
            </imsss:objectives>
          </imsss:sequencing>
        </item>
        <item identifier="SkilBuilder" identifierref="ETLaunch.html" isvisible="true" parameters="?CL=SkillBuilder.html&amp;&amp;T=Transistor">
          <title>SkilBuilder</title>
          <imsss:sequencing IDRef="content_seq_rules">
            <imsss:objectives>
              <imsss:primaryObjective objectiveID="learning_objective_satisfied">
                <imsss:mapInfo readSatisfiedStatus="true" targetObjectiveID="com.ONRET.SCORM2004.Push_pull_amplifier_Satisfied" writeSatisfiedStatus="false" />
              </imsss:primaryObjective>
            </imsss:objectives>
          </imsss:sequencing>
        </item>
        <item identifier="ATTReading" identifierref="ETLaunch.html" isvisible="true" parameters="?CL=ATTReading.html&amp;T=Transistor">
          <title>ATTReading</title>
          <imsss:sequencing IDRef="content_seq_rules">
            <imsss:objectives>
              <imsss:primaryObjective objectiveID="learning_objective_satisfied">
                <imsss:mapInfo readSatisfiedStatus="true" targetObjectiveID="com.ONRET.SCORM2004.PNJunction_Satisfied" writeSatisfiedStatus="false" />
              </imsss:primaryObjective>
            </imsss:objectives>
          </imsss:sequencing>
        </item>
        <item identifier="AutoTutorDRQ" identifierref="ETLaunch.html" isvisible="true" parameters="?PT=Q&amp;T=Transistor&amp;SKO=NewAutoTutorDRQ">
          <title>AutoTutorDRQ</title>
          <imsss:sequencing IDRef="test_seq_rules">
            <imsss:objectives>
              <imsss:primaryObjective objectiveID="learning_objective_satisfied">
                <imsss:mapInfo readSatisfiedStatus="true" targetObjectiveID="com.ONRET.SCORM2004.CC_amplifier_Satisfied" writeNormalizedMeasure="true" writeSatisfiedStatus="true" />
              </imsss:primaryObjective>
            </imsss:objectives>
          </imsss:sequencing>
        </item>
        <item identifier="Dragoon" identifierref="ETLaunch.html" isvisible="true" parameters="?CL=Dragoon.html&amp;T=Transistor">
          <title>Dragoon</title>
          <imsss:sequencing IDRef="content_seq_rules">
            <imsss:objectives>
              <imsss:primaryObjective objectiveID="learning_objective_satisfied">
                <imsss:mapInfo readSatisfiedStatus="true" targetObjectiveID="com.ONRET.SCORM2004.Transistor_AutoTutorDR_Low" writeSatisfiedStatus="false" />
              </imsss:primaryObjective>
            </imsss:objectives>
          </imsss:sequencing>
        </item>
        <imsss:sequencing>
          <imsss:controlMode choice="false" flow="true" />
          <imsss:sequencingRules>
            <imsss:postConditionRule>
              <imsss:ruleConditions conditionCombination="any">
                <imsss:ruleCondition operator="not" condition="satisfied" />
                <imsss:ruleCondition operator="not" condition="objectiveStatusKnown" />
              </imsss:ruleConditions>
              <imsss:ruleAction action="retry" />
            </imsss:postConditionRule>
            <imsss:postConditionRule>
              <imsss:ruleConditions conditionCombination="any">
                <imsss:ruleCondition condition="satisfied" />
              </imsss:ruleConditions>
              <imsss:ruleAction action="exitAll" />
            </imsss:postConditionRule>
          </imsss:sequencingRules>
        </imsss:sequencing>
      </item>
      <item identifier="ITEM-05FFBFC2DE3F46E1B9F53BA3CDEBD9C7" identifierref="ThanksPage.html" isvisible="true">
        <title>Thanks for Using ET</title>
      </item>
      <imsss:sequencing>
        <imsss:controlMode choice="false" flow="true" />
      </imsss:sequencing>
    </organization>
  </organizations>
  <resources>
    <resource identifier="ETLaunch.html" adlcp:scormType="sco" xml:base="Content/" href="ETLaunch.html" type="webcontent">
      <dependency identifierref="RES-COMMON" />
    </resource>
    <resource identifier="ETTest.html" adlcp:scormType="sco" xml:base="Content/" href="ETTest.html" type="webcontent">
      <dependency identifierref="RES-COMMON" />
    </resource>
    <resource identifier="RES-COMMON" adlcp:scormType="asset" xml:base="Content/" type="webcontent" />
    <resource identifier="ONRETWelcome" adlcp:scormType="sco" xml:base="Content/" href="Welcome.html" type="webcontent" />
    <resource identifier="ThanksPage.html" adlcp:scormType="sco" xml:base="Content/" href="ThanksPage.html" type="webcontent" />
  </resources>
  <imsss:sequencingCollection>
    <imsss:sequencing ID="content_seq_rules">
      <!-- If the learning objective for this test/content object has been satisfied we can skip it-->
      <imsss:sequencingRules>
        <imsss:preConditionRule>
          <imsss:ruleConditions>
            <imsss:ruleCondition condition="satisfied" />
          </imsss:ruleConditions>
          <imsss:ruleAction action="skip" />
        </imsss:preConditionRule>
      </imsss:sequencingRules>
      <!-- Content doesn't count towards any rollup-->
      <imsss:rollupRules objectiveMeasureWeight="0" rollupObjectiveSatisfied="false" rollupProgressCompletion="false" />
      <imsss:deliveryControls completionSetByContent="true" objectiveSetByContent="true" />
    </imsss:sequencing>
    <imsss:sequencing ID="test_seq_rules">
      <!-- If the learning objective for this test/content object has been satisfied we can skip it-->
      <imsss:sequencingRules>
        <imsss:preConditionRule>
          <imsss:ruleConditions>
            <imsss:ruleCondition condition="satisfied" />
          </imsss:ruleConditions>
          <imsss:ruleAction action="skip" />
        </imsss:preConditionRule>
      </imsss:sequencingRules>
      <!-- Tests count towards all rollup metrics-->
      <imsss:rollupRules objectiveMeasureWeight="1" rollupObjectiveSatisfied="true" rollupProgressCompletion="true" />
      <imsss:deliveryControls completionSetByContent="true" objectiveSetByContent="true" />
      <!--
      During remediation, the completion status for a skipped activity might be reset. If
      an activity is skipped, that means it was previously completed so don't require it for 
      completion anymore.
      -->
      <adlseq:rollupConsiderations requiredForCompleted="ifNotSkipped" />
    </imsss:sequencing>
  </imsss:sequencingCollection>
</manifest>

