<?xml version="1.0" encoding="UTF-8"?>
<!-- v0.1 -->
<manifest xmlns="http://www.imsglobal.org/xsd/imscp_v1p1" xmlns:lom="http://ltsc.ieee.org/xsd/LOM" xmlns:xsi="http://www.w3.org/2001/XMLSchema-instance" xmlns:adlcp="http://www.adlnet.org/xsd/adlcp_v1p3" xmlns:imsss="http://www.imsglobal.org/xsd/imsss" xmlns:adlseq="http://www.adlnet.org/xsd/adlseq_v1p3" xmlns:adlnav="http://www.adlnet.org/xsd/adlnav_v1p3" identifier="MANIFEST-__ADL-TEMPLATES" xsi:schemaLocation="http://www.imsglobal.org/xsd/imscp_v1p1 imscp_v1p1.xsd   http://ltsc.ieee.org/xsd/LOM lom.xsd http://www.adlnet.org/xsd/adlcp_v1p3 adlcp_v1p3.xsd   http://www.imsglobal.org/xsd/imsss imsss_v1p0.xsd http://www.adlnet.org/xsd/adlseq_v1p3   adlseq_v1p3.xsd http://www.adlnet.org/xsd/adlnav_v1p3 adlnav_v1p3.xsd" version="1.3">
  <metadata>
    <schema>ADL SCORM</schema>
    <schemaversion>2004 4th Edition</schemaversion>
  </metadata>
  <organizations default="ONRET">
    <organization identifier="ORG-ADL-TEMPLATES" adlseq:objectivesGlobalToSystem="false">
      <title>ONR ET Course</title>
      <item identifier="ONRET-WELCOME" identifierref="ONRETWELCOME" isvisible="true">
        <title>Welcome</title>
      </item>
      <item identifier="ONRET-NAVMENU" identifierref="Navigation" isvisible="true">
        <title>Nav Menu</title>
      </item>
      <item identifier="Transistors" isvisible="false">
        <title>Transistors</title>
        <item identifier="ITEM-6E3CB5D4A2E9967CA285062B8BBA5D60" isvisible="true">
          <title>OppeningPage</title>
          <item identifier="ITEM-44C89EF32402FAB7074831BFC5C2A6B4" isvisible="true">
            <title>Starting Of the Course</title>
            <item identifier="ITEM-E27C450C3B047B46DF3A41A2DDC30CB0" isvisible="true">
              <title>Selected Readings</title>
            </item>
            <item identifier="ITEM-D18BD3793FAA84D5895C130C81CB3269" identifierref="Transistor_AutoTutorDR" isvisible="true">
              <title>AutoTutor DR</title>
              <item identifier="ITEM-7C8A59657E85401CBDD71E2397E90460" isvisible="true">
                <title>AT_DR_High</title>
                <item identifier="ITEM-681F4AB80371ACC0B88392394629EB9B" identifierref="Transistor_Dragoon" isvisible="true">
                  <title>Dragoon</title>
                </item>
              </item>
              <item identifier="ITEM-9C91587BB2579BD131AB381412F3F2CC" isvisible="true">
                <title>AT_DR_Low</title>
                <item identifier="ITEM-BF1848C3BA09A14E231C8751459BF3C2" identifierref="Transistor_AutoTutorKC" isvisible="true">
                  <title>AutoTutor KC</title>
                </item>
                <item identifier="ITEM-311D194E1D19244395F147188A989474" isvisible="true">
                  <title>BBN</title>
                </item>
                <item identifier="ITEM-C8D891D074948FEEBC166F7FBC825C17" isvisible="true">
                  <title>AT_KC_BBN_LOW</title>
                  <item identifier="ITEM-C5448E22B49D8C14AB244779BBC81EE2" isvisible="true">
                    <title>ATT Reading</title>
                  </item>
                  <item identifier="ITEM-A5782681280F16FE70FF616919A0BD28" isvisible="true">
                    <title>Skill Builder</title>
                  </item>
                </item>
                <item identifier="ITEM-04A1F65169045799A624AA80425DA595" isvisible="true">
                  <title>AT_KC_BBN_HIGH</title>
                  <item identifier="ITEM-A794E60E11F2028F2C23379435F10669" isvisible="true">
                    <title>NEW AT DRQ</title>
                  </item>
                </item>
              </item>
            </item>
          </item>
        </item>
      </item>
    </organization>
  </organizations>
  <resources>
    <resource identifier="ONRETWELCOME" adlcp:scormType="sco" href="welcome.html" type="webcontent" xml:base="content/">
      <file href="welcome.html" />
    </resource>
    <resource identifier="Navigation" adlcp:scormType="sco" xml:base="content/" href="navigation.html" type="webcontent">
      <file href="navigation.html" />
    </resource>
    <resource identifier="Transistor_AutoTutorDR" adlcp:scormType="sco" xml:base="content/Transistor/AutoTutor DR/" href="AutoTutor_DR.html" type="webcontent">
      <file href="AutoTutor_DR.html" />
    </resource>
    <resource identifier="Transistor_AutoTutorKC" adlcp:scormType="sco" xml:base="content/Transistor/AutoTutor KC/" href="AutoTutor_KC.html" type="webcontent">
      <file href="AutoTutor_KC.html" />
    </resource>
    <resource identifier="Transistor_Dragoon" adlcp:scormType="asset" xml:base="content/Transistor/Dragoon/" href="Dragoon.html" type="webcontent">
      <file href="Dragoon.html" />
    </resource>
  </resources>
</manifest>

