<?xml version="1.0" encoding="UTF-8"?>
<!--This is a Reload version 1.1.1 SCORM 2004 Content Package document-->
<!--Spawned from the Reload Content Package Generator - http://www.reload.ac.uk-->
<manifest xmlns="http://www.imsglobal.org/xsd/imscp_v1p1" xmlns:lom="http://ltsc.ieee.org/xsd/LOM" xmlns:xsi="http://www.w3.org/2001/XMLSchema-instance" xmlns:adlcp="http://www.adlnet.org/xsd/adlcp_v1p3" xmlns:imsss="http://www.imsglobal.org/xsd/imsss" xmlns:adlseq="http://www.adlnet.org/xsd/adlseq_v1p3" xmlns:adlnav="http://www.adlnet.org/xsd/adlnav_v1p3" identifier="MANIFEST-34765427-C0E3-D447-DCD0-F8983E1742E1" xsi:schemaLocation="http://www.imsglobal.org/xsd/imscp_v1p1 imscp_v1p1.xsd http://ltsc.ieee.org/xsd/LOM lom.xsd http://www.adlnet.org/xsd/adlcp_v1p3 adlcp_v1p3.xsd http://www.imsglobal.org/xsd/imsss imsss_v1p0.xsd http://www.adlnet.org/xsd/adlseq_v1p3 adlseq_v1p3.xsd http://www.adlnet.org/xsd/adlnav_v1p3 adlnav_v1p3.xsd" version="1.3">
  <metadata>
    <schema>ADL SCORM</schema>
    <schemaversion>2004 3rd Edition</schemaversion>
  </metadata>
  <organizations default="ORG-D2EC6E06-0DA8-A985-4628-8F049E264D87">
    <organization identifier="ORG-D2EC6E06-0DA8-A985-4628-8F049E264D87" adlseq:objectivesGlobalToSystem="false">
      <title>Transistor Bundle</title>
      <item identifier="ITEM-Transistor_Initial_Reading" identifierref="RES-4CFB224B-E337-06D5-25EB-594AF9B4FD83" isvisible="true">
        <title>Initial Reading</title>
      </item>
      <item identifier="ITEM-Transistor_AutoTutor_DR" identifierref="RES-79B5C7BC-6EDF-F64B-5C76-FCACD9C8774B">
        <title>AutoTutor DR</title>
        <imsss:sequencing>
          <imsss:objectives>
            <imsss:primaryObjective satisfiedByMeasure="false" objectiveID="urn:lsal.org/template6/sco-1/primary_objective" />
            <imsss:objective satisfiedByMeasure="false" objectiveID="urn:lsal.org/template6/sco-1/obj-1">
              <imsss:mapInfo targetObjectiveID="urn:lsal.org/template6/global-obj-1" readSatisfiedStatus="false" readNormalizedMeasure="false" writeSatisfiedStatus="true" writeNormalizedMeasure="false" />
            </imsss:objective>
            <imsss:objective satisfiedByMeasure="false" objectiveID="urn:lsal.org/template6/sco-1/obj-2">
              <imsss:mapInfo targetObjectiveID="urn:lsal.org/template6/global-obj-2" readSatisfiedStatus="false" readNormalizedMeasure="false" writeSatisfiedStatus="true" writeNormalizedMeasure="false" />
            </imsss:objective>
          </imsss:objectives>
        </imsss:sequencing>
      </item>
      <item identifier="ITEM-Transistor_AutoTutor_DR_LOW" isvisible="true">
        <title>AutoTutorDR LOW</title>
        <item identifier="ITEM-Transistor_BBN" identifierref="RES-4CFB224B-E337-06D5-25EB-594AF9B4FD83">
          <title>BBN</title>
          <imsss:sequencing>
            <imsss:sequencingRules>
              <imsss:preConditionRule>
                <imsss:ruleConditions conditionCombination="all">
                  <imsss:ruleCondition operator="noOp" referencedObjective="urn:lsal.org/template6/sco-2/obj-1" condition="satisfied" />
                </imsss:ruleConditions>
                <imsss:ruleAction action="skip" />
              </imsss:preConditionRule>
            </imsss:sequencingRules>
            <imsss:rollupRules rollupObjectiveSatisfied="false" rollupProgressCompletion="false" />
            <imsss:objectives>
              <imsss:primaryObjective objectiveID="urn:lsal.org/template6/sco-2/primary_objective" />
              <imsss:objective satisfiedByMeasure="false" objectiveID="urn:lsal.org/template6/sco-2/obj-1">
                <imsss:mapInfo targetObjectiveID="urn:lsal.org/template6/global-obj-1" readSatisfiedStatus="true" />
              </imsss:objective>
            </imsss:objectives>
          </imsss:sequencing>
        </item>
        <item identifier="ITEM-Transistor_AutoTutorKC" identifierref="RES-4CFB224B-E337-06D5-25EB-594AF9B4FD83" isvisible="true">
          <title>AutoTutor KC</title>
          <imsss:sequencing>
            <imsss:sequencingRules>
              <imsss:preConditionRule>
                <imsss:ruleConditions conditionCombination="all">
                  <imsss:ruleCondition operator="noOp" referencedObjective="urn:lsal.org/template6/sco-2/obj-1New" condition="satisfied" />
                </imsss:ruleConditions>
                <imsss:ruleAction action="skip" />
              </imsss:preConditionRule>
            </imsss:sequencingRules>
            <imsss:rollupRules rollupObjectiveSatisfied="false" rollupProgressCompletion="false" />
            <imsss:objectives>
              <imsss:primaryObjective objectiveID="urn:lsal.org/template6/sco-2/primary_objectiveNew" />
              <imsss:objective satisfiedByMeasure="false" objectiveID="urn:lsal.org/template6/sco-2/obj-1New">
                <imsss:mapInfo targetObjectiveID="urn:lsal.org/template6/global-obj-1" readSatisfiedStatus="true" />
              </imsss:objective>
            </imsss:objectives>
          </imsss:sequencing>
        </item>
        <imsss:sequencing>
          <imsss:controlMode choice="false" flow="true" />
        </imsss:sequencing>
      </item>
      <item identifier="ITEM-FD616782FC6B438EA05080FCB58C9769" isvisible="true">
        <title>AutoTutorDR High</title>
        <item identifier="ITEM-Transistor_Dragoon" identifierref="RES-7D7C560F-BC57-BA4A-7F09-E41FA1FC5C3B">
          <title>Dragoon</title>
          <imsss:sequencing>
            <imsss:sequencingRules>
              <imsss:preConditionRule>
                <imsss:ruleConditions conditionCombination="all">
                  <imsss:ruleCondition operator="noOp" referencedObjective="urn:lsal.org/template6/sco-3/obj-1" condition="satisfied" />
                </imsss:ruleConditions>
                <imsss:ruleAction action="skip" />
              </imsss:preConditionRule>
            </imsss:sequencingRules>
            <imsss:rollupRules rollupObjectiveSatisfied="false" rollupProgressCompletion="false" />
            <imsss:objectives>
              <imsss:primaryObjective objectiveID="urn:lsal.org/template6/sco-3/primary_objective" />
              <imsss:objective satisfiedByMeasure="false" objectiveID="urn:lsal.org/template6/sco-3/obj-1">
                <imsss:mapInfo targetObjectiveID="urn:lsal.org/template6/global-obj-2" readSatisfiedStatus="true" />
              </imsss:objective>
            </imsss:objectives>
          </imsss:sequencing>
        </item>
        <imsss:sequencing>
          <imsss:controlMode choice="false" flow="true" />
        </imsss:sequencing>
      </item>
      <item identifier="ITEM-Transistor_NewAutoTutorDRQ" identifierref="RES-92C11D3E-B33F-5B31-4384-BD0605BFF2D1">
        <title>New AutoTutor DRQ</title>
      </item>
      <imsss:sequencing>
        <imsss:controlMode choice="false" choiceExit="false" flow="true" forwardOnly="false" useCurrentAttemptObjectiveInfo="true" useCurrentAttemptProgressInfo="true" />
        <imsss:sequencingRules>
          <imsss:exitConditionRule>
            <imsss:ruleConditions conditionCombination="all">
              <imsss:ruleCondition operator="noOp" condition="completed" />
            </imsss:ruleConditions>
            <imsss:ruleAction action="exit" />
          </imsss:exitConditionRule>
        </imsss:sequencingRules>
      </imsss:sequencing>
    </organization>
  </organizations>
  <resources>
    <resource identifier="RES-79B5C7BC-6EDF-F64B-5C76-FCACD9C8774B" href="SCO-1_PreTest.html" adlcp:scormType="sco" type="webcontent">
      <file href="SCO-1_PreTest.html" />
      <file href="util/APIWrapper.js" />
    </resource>
    <resource identifier="RES-4CFB224B-E337-06D5-25EB-594AF9B4FD83" href="SCO-2.html" adlcp:scormType="sco" type="webcontent">
      <file href="SCO-2.html" />
      <file href="util/APIWrapper.js" />
    </resource>
    <resource identifier="RES-7D7C560F-BC57-BA4A-7F09-E41FA1FC5C3B" href="SCO-3.html" adlcp:scormType="sco" type="webcontent">
      <file href="SCO-3.html" />
      <file href="util/APIWrapper.js" />
    </resource>
    <resource identifier="RES-92C11D3E-B33F-5B31-4384-BD0605BFF2D1" href="SCO-4_PostTest.html" adlcp:scormType="sco" type="webcontent">
      <file href="SCO-4_PostTest.html" />
      <file href="util/APIWrapper.js" />
    </resource>
  </resources>
</manifest>

