<?xml version="1.0" encoding="UTF-8" standalone="yes"?>
<Course xmlns:ns2="http://GIFT.com/common" name="XHUTest" version="7.0.27">
    <ns2:surveyContext>180</ns2:surveyContext>
    <concepts>
        <list>
            <concept name="ccc"/>
        </list>
    </concepts>
    <transitions>
        <Guidance>
            <transitionName>Example Guidance</transitionName>
            <URL>
                <address>http://onrstem.skoonline.org/player1024768.html?guid=0d09049f-5969-4c70-99ff-fa59d444fff0&amp;YTL=NOYOUTUBE&amp;NW=0&amp;GL=1</address>
            </URL>
            <fullScreen>false</fullScreen>
        </Guidance>
        <LessonMaterial>
            <transitionName>Tutor</transitionName>
            <LessonMaterialList>
                <media>
                    <name>AutoTutor</name>
                    <uri>https://prod.x-in-y.com/ET/Mainpage_ET.html?ASATScript=ET_Trilogue%2FET-PN-KC6.xml</uri>
                    <YoutubeVideoProperties>
                        <allowFullScreen>false</allowFullScreen>
                        <allowAutoPlay>false</allowAutoPlay>
                    </YoutubeVideoProperties>
                </media>
            </LessonMaterialList>
        </LessonMaterial>
    </transitions>
</Course>
