<?xml version="1.0" encoding="UTF-8"?>
<!--This is a Reload version 1.1.1 SCORM 2004 Content Package document-->
<!--Spawned from the Reload Content Package Generator - http://www.reload.ac.uk-->
<manifest xmlns="http://www.imsglobal.org/xsd/imscp_v1p1" xmlns:lom="http://ltsc.ieee.org/xsd/LOM" xmlns:xsi="http://www.w3.org/2001/XMLSchema-instance" xmlns:adlcp="http://www.adlnet.org/xsd/adlcp_v1p3" xmlns:imsss="http://www.imsglobal.org/xsd/imsss" xmlns:adlseq="http://www.adlnet.org/xsd/adlseq_v1p3" xmlns:adlnav="http://www.adlnet.org/xsd/adlnav_v1p3" identifier="ONRETManifest" xsi:schemaLocation="http://www.imsglobal.org/xsd/imscp_v1p1 imscp_v1p1.xsd http://ltsc.ieee.org/xsd/LOM lom.xsd http://www.adlnet.org/xsd/adlcp_v1p3 adlcp_v1p3.xsd http://www.imsglobal.org/xsd/imsss imsss_v1p0.xsd http://www.adlnet.org/xsd/adlseq_v1p3 adlseq_v1p3.xsd http://www.adlnet.org/xsd/adlnav_v1p3 adlnav_v1p3.xsd" version="1.3">
  <metadata>
    <schema>ADL SCORM</schema>
    <schemaversion>2004 4th Edition</schemaversion>
  </metadata>
  <organizations default="ONRETBUNDLE">
    <organization identifier="ONRETBUNDLE" adlseq:objectivesGlobalToSystem="false">
      <title>ET Course</title>
      <item identifier="Transistor_Bundle" isvisible="true">
        <title>Transistor</title>
        <item identifier="Transistor_INIReading" identifierref="ETLaunch.html" parameters="?CL=Transistor/INIReading.html&amp;T=Transistor&amp;PT=INIReading">
          <title>INIReading</title>
          <imsss:sequencing>
            <imsss:objectives>
              <imsss:primaryObjective objectiveID="SampleOBJ">
                <imsss:mapInfo targetObjectiveID="SampleOBJMapInfo" />
              </imsss:primaryObjective>
            </imsss:objectives>
          </imsss:sequencing>
        </item>
        <item identifier="Transistor_AutoTutorDR" identifierref="ETLaunch.html" parameters="?CL=Transistor/AutoTutorDR.html&amp;T=Transistor&amp;PT=AutoTutorDR&amp;OBJ=Transistor_AutoTutorDRPass">
          <title>AutoTutorDR</title>
          <imsss:sequencing>
            <imsss:objectives>
              <imsss:primaryObjective objectiveID="Transistor_AutoTutorDRPass" satisfiedByMeasure="false">
                <imsss:mapInfo targetObjectiveID="Transistor_AutoTutorDRPass" />
              </imsss:primaryObjective>
            </imsss:objectives>
          </imsss:sequencing>
        </item>
        <item identifier="Transistor_BBN" identifierref="ETLaunch.html" parameters="?CL=Transistor/BBN.html&amp;T=Transistor&amp;PT=BBN">
          <title>BBN</title>
          <imsss:sequencing>
            <imsss:objectives>
              <imsss:primaryObjective objectiveID="Transistor_AutoTutorDRPass">
                <imsss:mapInfo readSatisfiedStatus="true" targetObjectiveID="Transistor_AutoTutorDRPass" writeSatisfiedStatus="false" />
              </imsss:primaryObjective>
            </imsss:objectives>
          </imsss:sequencing>
        </item>
        <item identifier="Transistor_AutoTutorKC" identifierref="ETLaunch.html" parameters="?CL=Transistor/AutoTutorKC.html&amp;T=Transistor&amp;PT=AutoTutorKC">
          <title>AutoTutorKC</title>
          <imsss:sequencing>
            <imsss:objectives>
              <imsss:primaryObjective objectiveID="Transistor_AutoTutorDRPass">
                <imsss:mapInfo readSatisfiedStatus="true" targetObjectiveID="Transistor_AutoTutorDRPass" writeSatisfiedStatus="false" />
              </imsss:primaryObjective>
            </imsss:objectives>
          </imsss:sequencing>
        </item>
        <item identifier="Transistor_SkillBuilder" identifierref="ETLaunch.html" parameters="?CL=Transistor/SkillBuilder.html&amp;T=Transistor&amp;PT=SkillBuilder">
          <title>SkillBuilder</title>
        </item>
        <item identifier="Transistor_ATTReading" identifierref="ETLaunch.html" parameters="?CL=Transistor/ATTReading.html&amp;T=Transistor&amp;PT=ATTReading">
          <title>ATTReading</title>
        </item>
        <item identifier="Transistor_AutoTutorDRQ" identifierref="ETLaunch.html" parameters="?CL=Transistor/AutoTutorDRQ.html&amp;T=Transistor&amp;PT=AutoTutorDRQ">
          <title>AutoTutorDRQ</title>
        </item>
        <item identifier="Transistor_Dragoon" identifierref="ETLaunch.html" parameters="?CL=Transistor/Dragoon.html&amp;T=Transistor&amp;PT=Dragoon">
          <title>Dragoon</title>
        </item>
        <imsss:sequencing>
          <imsss:controlMode choice="false" flow="true" />
        </imsss:sequencing>
      </item>
    </organization>
  </organizations>
  <resources>
    <resource identifier="ETLaunch.html" adlcp:scormType="sco" xml:base="Contents/" href="ETLaunch.html" type="webcontent" />
  </resources>
</manifest>

