<?xml version="1.0" encoding="UTF-8"?>
<!-- v0.1 -->
<manifest xmlns="http://www.imsglobal.org/xsd/imscp_v1p1" xmlns:lom="http://ltsc.ieee.org/xsd/LOM" xmlns:xsi="http://www.w3.org/2001/XMLSchema-instance" xmlns:adlcp="http://www.adlnet.org/xsd/adlcp_v1p3" xmlns:imsss="http://www.imsglobal.org/xsd/imsss" xmlns:adlseq="http://www.adlnet.org/xsd/adlseq_v1p3" xmlns:adlnav="http://www.adlnet.org/xsd/adlnav_v1p3" identifier="com.ONRET.SCORM2004" xsi:schemaLocation="http://www.imsglobal.org/xsd/imscp_v1p1 imscp_v1p1.xsd   http://ltsc.ieee.org/xsd/LOM lom.xsd http://www.adlnet.org/xsd/adlcp_v1p3 adlcp_v1p3.xsd   http://www.imsglobal.org/xsd/imsss imsss_v1p0.xsd http://www.adlnet.org/xsd/adlseq_v1p3   adlseq_v1p3.xsd http://www.adlnet.org/xsd/adlnav_v1p3 adlnav_v1p3.xsd" version="1.3">
  <metadata>
    <schema>ADL SCORM</schema>
    <schemaversion>2004 4th Edition</schemaversion>
  </metadata>
  <organizations default="ONR ET (UM)">
    <organization identifier="ONRET" adlseq:objectivesGlobalToSystem="false" structure="hierarchical">
      <title>ONR ET Course</title>
      <item identifier="ONRET-WELCOME" identifierref="ONRETWELCOME" isvisible="true">
        <title>Welcome</title>
        <adlnav:presentation />
        <imsss:sequencing />
      </item>
      <item identifier="ONRET-NAVMENU" identifierref="Navigation" isvisible="true">
        <title>Nav Menu</title>
      </item>
      <item identifier="Transistors" isvisible="true">
        <title>Transistors</title>
        <item identifier="ITEM-6E3CB5D4A2E9967CA285062B8BBA5D60" isvisible="true">
          <title>OppeningPage</title>
          <item identifier="ITEM-44C89EF32402FAB7074831BFC5C2A6B4" isvisible="true">
            <title>Starting of the Course</title>
            <item identifier="ITEM-E27C450C3B047B46DF3A41A2DDC30CB0" identifierref="Transistor_Selected_Readings" isvisible="true">
              <title>Selected Readings</title>
            </item>
            <item identifier="ITEM-D18BD3793FAA84D5895C130C81CB3269" identifierref="Transistor_AutoTutorDR" isvisible="true">
              <title>AutoTutor DR</title>
            </item>
            <item identifier="ITEM-7C8A59657E85401CBDD71E2397E90460" isvisible="true">
              <title>AT_DR_High</title>
              <item identifier="ITEM-681F4AB80371ACC0B88392394629EB9B" identifierref="Transistor_Dragoon" isvisible="true">
                <title>Dragoon</title>
              </item>
            </item>
            <item identifier="ITEM-9C91587BB2579BD131AB381412F3F2CC" isvisible="true">
              <title>AT_DR_Low</title>
              <item identifier="ITEM-BF1848C3BA09A14E231C8751459BF3C2" identifierref="Transistor_AutoTutorKC" isvisible="true">
                <title>AutoTutor KC</title>
              </item>
              <item identifier="ITEM-311D194E1D19244395F147188A989474" identifierref="Transistor_BBN" isvisible="true">
                <title>BBN</title>
              </item>
              <item identifier="ITEM-C8D891D074948FEEBC166F7FBC825C17" isvisible="true">
                <title>AT_KC_BBN_LOW</title>
                <item identifier="ITEM-C5448E22B49D8C14AB244779BBC81EE2" identifierref="Transistor_ATT_Reading" isvisible="true">
                  <title>ATT Reading</title>
                </item>
                <item identifier="ITEM-A5782681280F16FE70FF616919A0BD28" identifierref="Transistor_Skill_Builder" isvisible="true">
                  <title>Skill Builder</title>
                </item>
              </item>
              <item identifier="ITEM-04A1F65169045799A624AA80425DA595" isvisible="true">
                <title>AT_KC_BBN_HIGH</title>
                <item identifier="ITEM-A794E60E11F2028F2C23379435F10669" identifierref="Transistor_New_AT_DRQ" isvisible="true">
                  <title>NEW AT DRQ</title>
                </item>
              </item>
            </item>
          </item>
        </item>
      </item>
      <item identifier="ITEM-278487F296F3B492BFF9BDB2E78748C5" isvisible="true">
        <title>Series_circuit</title>
        <item identifier="ITEM-1253B0291B9502FB76DEF13DB4D7BE21" isvisible="true">
          <title>Opening Page</title>
          <item identifier="ITEM-D55B5DAC5C37164EF1C7E0F1B98BD2C4" isvisible="true">
            <title>Starting of the Course</title>
            <item identifier="ITEM-C339EE5C16233BAA20C1805798619A30" identifierref="Series_circuit_Selected_Readings" isvisible="true">
              <title>Selected Reading</title>
            </item>
            <item identifier="ITEM-7E030A264CBE2A78EBDD80009AAC09A0" identifierref="Series_circuit_AutoTutorDR" isvisible="true">
              <title>AutoTutor DR</title>
            </item>
            <item identifier="ITEM-D1AEA5A9E2B999610138DF28E2AEB821" isvisible="true">
              <title>AT_DR_High</title>
              <item identifier="ITEM-16956565964D32CEB34936094AB57387" identifierref="Series_circuit_Dragoon" isvisible="true">
                <title>Dragoon</title>
              </item>
            </item>
            <item identifier="ITEM-B003447B5A02827E77A1753943E529A1" isvisible="true">
              <title>AT_DR_Low</title>
              <item identifier="ITEM-2DAB4B9769F654B0289C61C6359840A9" identifierref="Series_circuit_AutoTutorKC" isvisible="true">
                <title>AutoTutor KC</title>
              </item>
              <item identifier="ITEM-D639CF6C5E07732792478C0C4841CBB1" identifierref="Series_circuit_BBN" isvisible="true">
                <title>BBN</title>
              </item>
              <item identifier="ITEM-3932F801875AFC47755859FA5E671C4E" isvisible="true">
                <title>AT_KC_BBN_LOW</title>
                <item identifier="ITEM-6095DD5F1EACF588B9322C0CE6FD7EB7" identifierref="Series_circuit_ATT_Reading" isvisible="true">
                  <title>ATT Reading</title>
                </item>
                <item identifier="ITEM-8DA0C7C6C35CC2BC6B639E53F77362C1" identifierref="Series_circuit_Skill_Builder" isvisible="true">
                  <title>Skill Builder</title>
                </item>
              </item>
              <item identifier="ITEM-413B13E1C0F417FEDF69DA0301976F82" isvisible="true">
                <title>AT_KC_BBN_HIGH</title>
                <item identifier="ITEM-55D6BF62B524BC6E74AC7BC5197B0DF6" identifierref="Series_circuit_New_AT_DRQ" isvisible="true">
                  <title>NEW AT DRQ</title>
                </item>
              </item>
            </item>
          </item>
        </item>
      </item>
      <item identifier="ITEM-7AE0B2988227F80C4BD5C4E84BB61215" isvisible="true">
        <title>Series_parallel_circuit</title>
        <item identifier="ITEM-5FA514732A65DC7B24A1532CCDB5B6A8" isvisible="true">
          <title>Opening Page</title>
          <item identifier="ITEM-51A0FABBEF57B83608ADF4A42188AFE7" isvisible="true">
            <title>Starting of the Course</title>
            <item identifier="ITEM-B76B047448D67001CF46AC93302F04EB" identifierref="Series_parallel_circuit_Selected_Readings" isvisible="true">
              <title>Selected Reading</title>
            </item>
            <item identifier="ITEM-F36C0D72290DBB2FE8E70FC4B0C26313" isvisible="true">
              <title>AutoTutor DR</title>
            </item>
            <item identifier="ITEM-6F57593D4DCBDADAF6C7BF040DE5C862" isvisible="true">
              <title>AT_DR_High</title>
              <item identifier="ITEM-6CBA6E6EF07CD6D7B76B21CE8DC61181" identifierref="Series_parallel_circuit_Dragoon" isvisible="true">
                <title>Dragoon</title>
              </item>
            </item>
            <item identifier="ITEM-0B0BCB8639EA1A5B6EA116052D2BAEA5" isvisible="true">
              <title>AT_DR_Low</title>
              <item identifier="ITEM-F3803CA86D1934DA2B528D196EF12D81" identifierref="Series_parallel_circuit_AutoTutorKC" isvisible="true">
                <title>AutoTutor KC</title>
              </item>
              <item identifier="ITEM-62071128162A4C3A0C4A800D4E747C61" identifierref="Series_parallel_circuit_BBN" isvisible="true">
                <title>BBN</title>
              </item>
              <item identifier="ITEM-D412709A10CA952C68EE75505EA2EBF4" isvisible="true">
                <title>AT_KC_BBN_LOW</title>
                <item identifier="ITEM-870C5B501A4C9A1A96A49496BD2E32C3" identifierref="Series_parallel_circuit_ATT_Reading" isvisible="true">
                  <title>ATT Reading</title>
                </item>
                <item identifier="ITEM-40C3BA754B599A6B3D8A651B50227716" identifierref="Series_parallel_circuit_Skill_Builder" isvisible="true">
                  <title>Skill Builder</title>
                </item>
              </item>
              <item identifier="ITEM-707032730E66983187DA71334A26E669" isvisible="true">
                <title>AT_KC_BBN_HIGH</title>
                <item identifier="ITEM-A9DBD6B752C64467C8DFF39B774BB5F7" identifierref="Series_parallel_circuit_New_AT_DRQ" isvisible="true">
                  <title>NEW AT DRQ</title>
                </item>
              </item>
            </item>
          </item>
        </item>
      </item>
      <item identifier="ITEM-550639BCBF66C69F0AAF1F96B2BB4C40" isvisible="true">
        <title>Push_pull_amplifier</title>
        <item identifier="ITEM-77C1181747014038E31F242C5C5FF946" isvisible="true">
          <title>Opening Page</title>
          <item identifier="ITEM-7CE8C41043254FFC7DF62B014489E39B" isvisible="true">
            <title>Starting of the Course</title>
            <item identifier="ITEM-C95B9ACEF392A5046CD76784EF2C3753" identifierref="Push_pull_amplifier_Selected_Readings" isvisible="true">
              <title>Selected Reading</title>
            </item>
            <item identifier="ITEM-8459ACCDAEEA4EC2D14B0669FC8B13D2" identifierref="Push_pull_amplifier_AutoTutorDR" isvisible="true">
              <title>AutoTutor DR</title>
            </item>
            <item identifier="ITEM-13BA4FDD613AF089DCC2262921361E8C" isvisible="true">
              <title>AT_DR_High</title>
              <item identifier="ITEM-248A688EED5A3751D1A3AE9D1D28B892" identifierref="Push_pull_amplifier_Dragoon" isvisible="true">
                <title>Dragoon</title>
              </item>
            </item>
            <item identifier="ITEM-DB021F56EBA87472DD93F795D5D0CE41" isvisible="true">
              <title>AT_DR_Low</title>
              <item identifier="ITEM-A5EBBF20D4379E5174DD010E2A2A1F6F" identifierref="Push_pull_amplifier_AutoTutorKC" isvisible="true">
                <title>AutoTutor KC</title>
              </item>
              <item identifier="ITEM-05C764EECDA84D127EA8EBAAC3AAC1EB" identifierref="Push_pull_amplifier_BBN" isvisible="true">
                <title>BBN</title>
              </item>
              <item identifier="ITEM-C2F968420588056A0FDE484987A17C9C" isvisible="true">
                <title>AT_KC_BBN_LOW</title>
                <item identifier="ITEM-2213D79FAEB398E2169B50751E23FDFF" identifierref="Push_pull_amplifier_ATT_Reading" isvisible="true">
                  <title>ATT Reading</title>
                </item>
                <item identifier="ITEM-B0F0A454CCB04E386760741690CBF03C" identifierref="Push_pull_amplifier_Skill_Builder" isvisible="true">
                  <title>Skill Builder</title>
                </item>
              </item>
              <item identifier="ITEM-FEB4A9BDCA33C309CE4EE09FB75B52D3" isvisible="true">
                <title>AT_KC_BBN_HIGH</title>
                <item identifier="ITEM-2639A6DF3EF6D4199DB273EA5ABD0ED1" identifierref="Push_pull_amplifier_New_AT_DRQ" isvisible="true">
                  <title>NEW AT DRQ</title>
                </item>
              </item>
            </item>
          </item>
        </item>
      </item>
      <item identifier="ITEM-B34A101AFD4FC2B17DF621C72FB64C4D" isvisible="true">
        <title>PNJunction</title>
        <item identifier="ITEM-AB098726C6961F451952D9ABE8A59CB2" isvisible="true">
          <title>Opening Page</title>
          <item identifier="ITEM-38B2F15EB069DB0B3F955CD4634DFD04" isvisible="true">
            <title>Starting of the Course</title>
            <item identifier="ITEM-FCB4629C107D5F2B50C59AA1C76201AA" identifierref="PNJunction_Selected_Readings" isvisible="true">
              <title>Selected Reading</title>
            </item>
            <item identifier="ITEM-89428EF5793DD8517EBA90BEF69D8BAC" identifierref="PNJunction_AutoTutorDR" isvisible="true">
              <title>AutoTutor DR</title>
            </item>
            <item identifier="ITEM-6AF1D80CCB58B65F8F00031F047E3894" isvisible="true">
              <title>AT_DR_High</title>
              <item identifier="ITEM-D7D962264CCAD9BB57B1EBD436B6BEA0" identifierref="PNJunction_Dragoon" isvisible="true">
                <title>Dragoon</title>
              </item>
            </item>
            <item identifier="ITEM-063F9A66E8DEB00B1F2748ACECAC6888" isvisible="true">
              <title>AT_DR_Low</title>
              <item identifier="ITEM-7887B0B9AAE6474993D62FF87C0EF314" identifierref="PNJunction_AutoTutorKC" isvisible="true">
                <title>AutoTutor KC</title>
              </item>
              <item identifier="ITEM-7F01B7E5CC5A425F60CFB88C27B2EB40" identifierref="PNJunction_BBN" isvisible="true">
                <title>BBN</title>
              </item>
              <item identifier="ITEM-D779A66EDEAF5A43550F7A910BD5136B" isvisible="true">
                <title>AT_KC_BBN_LOW</title>
                <item identifier="ITEM-BE5D7C7E83B3110ED6B1B464161226CA" identifierref="PNJunction_ATT_Reading" isvisible="true">
                  <title>ATT Reading</title>
                </item>
                <item identifier="ITEM-E6BC196A64A013A2C5CF5F8988FC7756" identifierref="PNJunction_Skill_Builder" isvisible="true">
                  <title>Skill Builder</title>
                </item>
              </item>
              <item identifier="ITEM-3B2B829D255ED614EF90056C8A4EEFC4" isvisible="true">
                <title>AT_KC_BBN_HIGH</title>
                <item identifier="ITEM-6456F68CB5AB04527058BB453DEC26DE" identifierref="PNJunction_New_AT_DRQ" isvisible="true">
                  <title>NEW AT DRQ</title>
                </item>
              </item>
            </item>
          </item>
        </item>
      </item>
      <item identifier="ITEM-1400FC5759E946BD81D16C5F28FFA392" isvisible="true">
        <title>Parallel_circuit</title>
        <item identifier="ITEM-62DE7082EE3505A5C4D60DF85D23C145" isvisible="true">
          <title>Opening Page</title>
          <item identifier="ITEM-A21C2035B6909095F41ABD8AC0E12914" isvisible="true">
            <title>Starting of the Course</title>
            <item identifier="ITEM-4C919293CE555004E56AA3A741D1BBC6" identifierref="Parallel_circuit_Selected_Readings" isvisible="true">
              <title>Selected Reading</title>
            </item>
            <item identifier="ITEM-27EB8555318E3C5F174D07FAFC9D371E" identifierref="Parallel_circuit_AutoTutorDR" isvisible="true">
              <title>AutoTutor DR</title>
            </item>
            <item identifier="ITEM-14AD0168400A3F24E4208B94234444C7" isvisible="true">
              <title>AT_DR_High</title>
              <item identifier="ITEM-CF4ACD80B6043CA515C786DA42D4DF00" identifierref="Parallel_circuit_Dragoon" isvisible="true">
                <title>Dragoon</title>
              </item>
            </item>
            <item identifier="ITEM-130868DEEF3BC8A357C921A062BFFF15" isvisible="true">
              <title>AT_DR_Low</title>
              <item identifier="ITEM-B714C45F1A96B4DA793EEBC507C07C7B" identifierref="Parallel_circuit_AutoTutorKC" isvisible="true">
                <title>AutoTutor KC</title>
              </item>
              <item identifier="ITEM-1EC0DF09809A63A306FAEA8A86AD4ABF" identifierref="Parallel_circuit_BBN" isvisible="true">
                <title>BBN</title>
              </item>
              <item identifier="ITEM-D53F215E385E889B27E4C5ECF141F736" isvisible="true">
                <title>AT_KC_BBN_LOW</title>
                <item identifier="ITEM-968D3281E4D86255D870FDAD890997F7" identifierref="Parallel_circuit_ATT_Reading" isvisible="true">
                  <title>ATT Reading</title>
                </item>
                <item identifier="ITEM-EE6849B5FB53114ACE5E818DE2AE12CA" identifierref="Parallel_circuit_Skill_Builder" isvisible="true">
                  <title>Skill Builder</title>
                </item>
              </item>
              <item identifier="ITEM-CFC073BF1A0AE30C6748E8E670D45A45" isvisible="true">
                <title>AT_KC_BBN_HIGH</title>
                <item identifier="ITEM-26AD3B5B4DD3750A71B24DDF67574F55" identifierref="Parallel_circuit_New_AT_DRQ" isvisible="true">
                  <title>NEW AT DRQ</title>
                </item>
              </item>
            </item>
          </item>
        </item>
      </item>
      <item identifier="ITEM-E9FFE6ED6DA088202CFD056805F5C6A5" isvisible="true">
        <title>Ohm_law</title>
        <item identifier="ITEM-855766DFA90CB53E72862A15CB074FE5" isvisible="true">
          <title>Opening Page</title>
          <item identifier="ITEM-C732ECBCB0BE681CB43B9B3B3367804D" isvisible="true">
            <title>Starting of the Course</title>
            <item identifier="ITEM-83AF2A2D71180CA09EF876FE9A3CAE1C" identifierref="Ohm_law_Selected_Readings" isvisible="true">
              <title>Selected Reading</title>
            </item>
            <item identifier="ITEM-8CAA3EDF9FC75099981CBE23F226322A" identifierref="Ohm_law_AutoTutorDR" isvisible="true">
              <title>AutoTutor DR</title>
            </item>
            <item identifier="ITEM-FE021F0025A43B689F0CC6D011AACE5F" isvisible="true">
              <title>AT_DR_High</title>
              <item identifier="ITEM-0439EF08211BB7810C755103C4EF19B1" identifierref="Ohm_law_Dragoon" isvisible="true">
                <title>Dragoon</title>
              </item>
            </item>
            <item identifier="ITEM-DE5CD718A22A7EF766B2D64051387A66" isvisible="true">
              <title>AT_DR_Low</title>
              <item identifier="ITEM-894AFCEA95C01D285B7DA63F2296F74E" identifierref="Ohm_law_AutoTutorKC" isvisible="true">
                <title>AutoTutor KC</title>
              </item>
              <item identifier="ITEM-03584189BEB06EF9DA280432AEEFDA31" identifierref="Ohm_law_BBN" isvisible="true">
                <title>BBN</title>
              </item>
              <item identifier="ITEM-CF44BE74B929DAFFF8764A83951CD590" isvisible="true">
                <title>AT_KC_BBN_LOW</title>
                <item identifier="ITEM-126A76D9DDA6C9787C032AA078E587B9" identifierref="Ohm_law_ATT_Reading" isvisible="true">
                  <title>ATT Reading</title>
                </item>
                <item identifier="ITEM-A8CADB7C6FD381A184ABA6FC5F237E14" identifierref="Ohm_law_Skill_Builder" isvisible="true">
                  <title>Skill Builder</title>
                </item>
              </item>
              <item identifier="ITEM-EB33BD22249499ED896860F82A25FE03" isvisible="true">
                <title>AT_KC_BBN_HIGH</title>
                <item identifier="ITEM-D25C976F48BE3335CED34DD6E45FCC20" identifierref="Ohm_law_New_AT_DRQ" isvisible="true">
                  <title>NEW AT DRQ</title>
                </item>
              </item>
            </item>
          </item>
        </item>
      </item>
      <item identifier="ITEM-BDDC03D3B60490AB6BA83CDB3804E23A" isvisible="true">
        <title>MultiStage_amplifier</title>
        <item identifier="ITEM-82DA40A952EBDB7BEA31293FC416B052" isvisible="true">
          <title>Opening Page</title>
          <item identifier="ITEM-54CF45B7653359DC443005A35BABE4D5" isvisible="true">
            <title>Starting of the Course</title>
            <item identifier="ITEM-45425DC5E4D616B71FCBDAF50A03B731" identifierref="MultiStage_amplifier_Selected_Readings" isvisible="true">
              <title>Selected Reading</title>
            </item>
            <item identifier="ITEM-C69EA4B0EA1B036A681AAF15231A5FC5" identifierref="MultiStage_amplifier_AutoTutorDR" isvisible="true">
              <title>AutoTutor DR</title>
            </item>
            <item identifier="ITEM-96A8E1A17471C887B7526FD07DBC0371" isvisible="true">
              <title>AT_DR_High</title>
              <item identifier="ITEM-2BC8D2F8BB9F2D6180C5F23CD14B483B" identifierref="MultiStage_amplifier_Dragoon" isvisible="true">
                <title>Dragoon</title>
              </item>
            </item>
            <item identifier="ITEM-0DCA54133831C23EB3565C63DC58C05C" isvisible="true">
              <title>AT_DR_Low</title>
              <item identifier="ITEM-E0294AB3E40C8D621D208D0106A36609" identifierref="MultiStage_amplifier_AutoTutorKC" isvisible="true">
                <title>AutoTutor KC</title>
              </item>
              <item identifier="ITEM-ABA35A15724B90DAA155C1EF67C52D00" identifierref="MultiStage_amplifier_BBN" isvisible="true">
                <title>BBN</title>
              </item>
              <item identifier="ITEM-45CA28F5291568CA437921564586FFF5" isvisible="true">
                <title>AT_KC_BBN_LOW</title>
                <item identifier="ITEM-895A904B7BFABFEC9125E838D7FE7D31" identifierref="MultiStage_amplifier_ATT_Reading" isvisible="true">
                  <title>ATT Reading</title>
                </item>
                <item identifier="ITEM-ADBF6006855D22CD6588CABBB2E07B31" identifierref="MultiStage_amplifier_Skill_Builder" isvisible="true">
                  <title>Skill Builder</title>
                </item>
              </item>
              <item identifier="ITEM-8339A7153C6C7149B5CA3D01F486EF74" isvisible="true">
                <title>AT_KC_BBN_HIGH</title>
                <item identifier="ITEM-44B5789BD7AFE951A0A09CB7CDA1BFF0" identifierref="MultiStage_amplifier_New_AT_DRQ" isvisible="true">
                  <title>NEW AT DRQ</title>
                </item>
              </item>
            </item>
          </item>
        </item>
      </item>
      <item identifier="ITEM-35AE4AC162A715D2771981C3230CA299" isvisible="true">
        <title>Limiters</title>
        <item identifier="ITEM-AFBAF2812E1CF680178A8DCDAB5DABA2" isvisible="true">
          <title>Opening Page</title>
          <item identifier="ITEM-ADB7EB61EFF669FF745E69265B85BF67" isvisible="true">
            <title>Starting of the Course</title>
            <item identifier="ITEM-3CDE180EFD9817DFA58470D3E3417088" identifierref="Limiters_Selected_Readings" isvisible="true">
              <title>Selected Reading</title>
            </item>
            <item identifier="ITEM-67BF58DB9693CC97D03BADCFE3E7D6A8" identifierref="Limiters_AutoTutorDR" isvisible="true">
              <title>AutoTutor DR</title>
            </item>
            <item identifier="ITEM-3F51B2E430F528DCD70962D92B5231C3" isvisible="true">
              <title>AT_DR_High</title>
              <item identifier="ITEM-0C29B4A03C6A95243F1E2DB216642FB9" identifierref="Limiters_Dragoon" isvisible="true">
                <title>Dragoon</title>
              </item>
            </item>
            <item identifier="ITEM-EC8A8AF754D0CCA87FFB3061AE9DBA01" isvisible="true">
              <title>AT_DR_Low</title>
              <item identifier="ITEM-1F5286300612864F7EA0BBC514B896E9" identifierref="Limiters_AutoTutorKC" isvisible="true">
                <title>AutoTutor KC</title>
              </item>
              <item identifier="ITEM-74695418A4B5B0838C3D6BF268E2ABF0" identifierref="Limiters_BBN" isvisible="true">
                <title>BBN</title>
              </item>
              <item identifier="ITEM-C15D0C2B299B2136A1F3222775809FE5" isvisible="true">
                <title>AT_KC_BBN_LOW</title>
                <item identifier="ITEM-008D8FDE4256BD9AC85A4A6F74E795FB" identifierref="Limiters_ATT_Reading" isvisible="true">
                  <title>ATT Reading</title>
                </item>
                <item identifier="ITEM-1AD5E765F585E85FFB60BFE1052D85CF" identifierref="Limiters_Skill_Builder" isvisible="true">
                  <title>Skill Builder</title>
                </item>
              </item>
              <item identifier="ITEM-48B33243ED892CB444D05926D8B72022" isvisible="true">
                <title>AT_KC_BBN_HIGH</title>
                <item identifier="ITEM-F76AFEF0BD525B77F1847FE8B62E6F27" identifierref="Limiters_New_AT_DRQ" isvisible="true">
                  <title>NEW AT DRQ</title>
                </item>
              </item>
            </item>
          </item>
        </item>
      </item>
      <item identifier="ITEM-006CC3F1B704AB4F8B72277F7B27BD39" isvisible="true">
        <title>Clampers</title>
        <item identifier="ITEM-079D71BBF6E49DE37E65E6D643ED9348" isvisible="true">
          <title>Opening Page</title>
          <item identifier="ITEM-4F20451F79E6BBD6060C1300971B7BFF" isvisible="true">
            <title>Starting of the Course</title>
            <item identifier="ITEM-737847A2C403F85BA920CE78AA214B6B" identifierref="Clampers_Selected_Readings" isvisible="true">
              <title>Selected Reading</title>
            </item>
            <item identifier="ITEM-AAD9078D9DB93CF3EACF144C6CD90079" identifierref="Clampers_AutoTutorDR" isvisible="true">
              <title>AutoTutor DR</title>
            </item>
            <item identifier="ITEM-9F1417E5B654735750ACE264808958C0" isvisible="true">
              <title>AT_DR_High</title>
              <item identifier="ITEM-2744F0EC076543AE4A3E38E068A3034E" identifierref="Clampers_Dragoon" isvisible="true">
                <title>Dragoon</title>
              </item>
            </item>
            <item identifier="ITEM-EFBBE586E27F89E8F35008414C8B05A2" isvisible="true">
              <title>AT_DR_Low</title>
              <item identifier="ITEM-1926E33B2D7A10954FBF3C54E4743940" identifierref="Clampers_AutoTutorKC" isvisible="true">
                <title>AutoTutor KC</title>
              </item>
              <item identifier="ITEM-E34EFEED148067C44B5A586A486CFDC6" identifierref="Clampers_BBN" isvisible="true">
                <title>BBN</title>
              </item>
              <item identifier="ITEM-94420686BC45691DA2B81BE31B53218B" isvisible="true">
                <title>AT_KC_BBN_LOW</title>
                <item identifier="ITEM-8D71FFD3A8432AD13F0EEBDAF1D8AF37" identifierref="Clampers_ATT_Reading" isvisible="true">
                  <title>ATT Reading</title>
                </item>
                <item identifier="ITEM-67C77EA5BA6CC9E2336D2F3ACA6092AF" identifierref="Clampers_Skill_Builder" isvisible="true">
                  <title>Skill Builder</title>
                </item>
              </item>
              <item identifier="ITEM-9E9CDA2D8700242372FEB6516A3F9E6F" isvisible="true">
                <title>AT_KC_BBN_HIGH</title>
                <item identifier="ITEM-EBC9FDF0558116A9C4947CF14F00E7E6" identifierref="Clampers_New_AT_DRQ" isvisible="true">
                  <title>NEW AT DRQ</title>
                </item>
              </item>
            </item>
          </item>
        </item>
      </item>
      <item identifier="ITEM-1D7A8EE1DD994EC288846EF2ADD1DBDD" isvisible="true">
        <title>CE_amplifier_fixed _bias_voltage_divider</title>
        <item identifier="ITEM-088B1FA14CD5AC7680CFC50BAF637D1D" isvisible="true">
          <title>Opening Page</title>
          <item identifier="ITEM-AC6FCC0C2DAF652A1D173E707D470016" isvisible="true">
            <title>Starting of the Course</title>
            <item identifier="ITEM-9D28B2394DF66A02B111B3B820FD47BF" identifierref="CE_amplifier_fixed _bias_voltage_divider_Selected_Readings" isvisible="true">
              <title>Selected Reading</title>
            </item>
            <item identifier="ITEM-07BF91FC5CE6B68AAFE53BD9D58D9F22" identifierref="CE_amplifier_fixed _bias_voltage_divider_AutoTutorDR" isvisible="true">
              <title>AutoTutor DR</title>
            </item>
            <item identifier="ITEM-D696C9F91CA9CAAD0B150BFF5717DA8D" isvisible="true">
              <title>AT_DR_High</title>
              <item identifier="ITEM-D8DB58DD057396EF6B8EDAEAE906180E" identifierref="CE_amplifier_fixed _bias_voltage_divider_Dragoon" isvisible="true">
                <title>Dragoon</title>
              </item>
            </item>
            <item identifier="ITEM-BB18DF93B7591A91ABA9438014918101" isvisible="true">
              <title>AT_DR_Low</title>
              <item identifier="ITEM-9A262C1FC815B7E7DF87AC985A6664B2" identifierref="CE_amplifier_fixed _bias_voltage_divider_AutoTutorKC" isvisible="true">
                <title>AutoTutor KC</title>
              </item>
              <item identifier="ITEM-C42A5333D74C2F076CADF97260D1C59A" identifierref="CE_amplifier_fixed _bias_voltage_divider_BBN" isvisible="true">
                <title>BBN</title>
              </item>
              <item identifier="ITEM-431CFCF77F233559790B2FBAC4D1A7E0" isvisible="true">
                <title>AT_KC_BBN_LOW</title>
                <item identifier="ITEM-9683D822EC651585C039421F136DECC2" identifierref="CE_amplifier_fixed _bias_voltage_divider_ATT_Reading" isvisible="true">
                  <title>ATT Reading</title>
                </item>
                <item identifier="ITEM-3D59CBC3B8C156E08C5EF395D169A03F" identifierref="CE_amplifier_fixed _bias_voltage_divider_Skill_Builder" isvisible="true">
                  <title>Skill Builder</title>
                </item>
              </item>
              <item identifier="ITEM-53157F6EF2016F725E9D4CA148134712" isvisible="true">
                <title>AT_KC_BBN_HIGH</title>
                <item identifier="ITEM-F2D1759DC30F1C2689A64410B90B6B27" identifierref="CE_amplifier_fixed _bias_voltage_divider_New_AT_DRQ" isvisible="true">
                  <title>NEW AT DRQ</title>
                </item>
              </item>
            </item>
          </item>
        </item>
      </item>
      <item identifier="ITEM-D9A88C822A876DF13F8289CABFA15CF5" isvisible="true">
        <title>CE_amplifier_battery_bias</title>
        <item identifier="ITEM-4C270AA7E529DAF71862DBF8C9835903" isvisible="true">
          <title>Opening Page</title>
          <item identifier="ITEM-7185656FB3AF81727FDA9DE6C4C2FA45" isvisible="true">
            <title>Starting of the Course</title>
            <item identifier="ITEM-A805506E0A28B24F4461CE8FE794DB31" identifierref="CE_amplifier_battery_bias_Selected_Readings" isvisible="true">
              <title>Selected Reading</title>
            </item>
            <item identifier="ITEM-AB5AF0C78B74DAD2EFF060B5F88C84FC" identifierref="CE_amplifier_battery_bias_AutoTutorDR" isvisible="true">
              <title>AutoTutor DR</title>
            </item>
            <item identifier="ITEM-5E7526A3F0066490128DE0B5D04D4917" isvisible="true">
              <title>AT_DR_High</title>
              <item identifier="ITEM-4DDD3ED94A62D74E0405E0E127005CE6" identifierref="CE_amplifier_battery_bias_Dragoon" isvisible="true">
                <title>Dragoon</title>
              </item>
            </item>
            <item identifier="ITEM-ECD7C77F5686E5BACAF6576EF5E4231C" isvisible="true">
              <title>AT_DR_Low</title>
              <item identifier="ITEM-C2471AD5C84ED4A9281ED12F11CFF589" identifierref="CE_amplifier_battery_bias_AutoTutorKC" isvisible="true">
                <title>AutoTutor KC</title>
              </item>
              <item identifier="ITEM-A584887A98E2E441155B373BE332D9BF" identifierref="CE_amplifier_battery_bias_BBN" isvisible="true">
                <title>BBN</title>
              </item>
              <item identifier="ITEM-45FF268AA209D6C7121146DBF09AE716" isvisible="true">
                <title>AT_KC_BBN_LOW</title>
                <item identifier="ITEM-3692C80C1D675AC6A9BDF295C469797B" identifierref="CE_amplifier_battery_bias_ATT_Reading" isvisible="true">
                  <title>ATT Reading</title>
                </item>
                <item identifier="ITEM-602780C269B2FB073C0D07D0784CC739" identifierref="CE_amplifier_battery_bias_Skill_Builder" isvisible="true">
                  <title>Skill Builder</title>
                </item>
              </item>
              <item identifier="ITEM-7F08C4CE43D706D5F40DB313F5BD9B8F" isvisible="true">
                <title>AT_KC_BBN_HIGH</title>
                <item identifier="ITEM-9AF2C55EC1BFDF8BB91ACAD55DF9D239" identifierref="CE_amplifier_battery_bias_New_AT_DRQ" isvisible="true">
                  <title>NEW AT DRQ</title>
                </item>
              </item>
            </item>
          </item>
        </item>
      </item>
      <item identifier="ITEM-EAF37D0F65DCBEADF3FA861947786399" isvisible="true">
        <title>CC_amplifier</title>
        <item identifier="ITEM-94EEA5C94ED4160165254C0D0C259029" isvisible="true">
          <title>Opening Page</title>
          <item identifier="ITEM-9CFEE4C444692D3198899F150A938A30" isvisible="true">
            <title>Starting of the Course</title>
            <item identifier="ITEM-818C2574D3C9B9098EB6F1568C94F144" identifierref="CC_amplifier_Selected_Readings" isvisible="true">
              <title>Selected Reading</title>
            </item>
            <item identifier="ITEM-5DFD3CF14A5ED8C1C201F7BCC1A98AA0" identifierref="CC_amplifier_AutoTutorDR" isvisible="true">
              <title>AutoTutor DR</title>
            </item>
            <item identifier="ITEM-905B7B98A90AFEF9E8FDD152C7A590C9" isvisible="true">
              <title>AT_DR_High</title>
              <item identifier="ITEM-BF4FCF1824DD5BCAF46BE4BFFE190B46" identifierref="CC_amplifier_Dragoon" isvisible="true">
                <title>Dragoon</title>
              </item>
            </item>
            <item identifier="ITEM-6411519897B983BDD6CDF5CC78A1CADC" isvisible="true">
              <title>AT_DR_Low</title>
              <item identifier="ITEM-2606645A93CA289E395D06A09D692A7C" identifierref="CC_amplifier_AutoTutorKC" isvisible="true">
                <title>AutoTutor KC</title>
              </item>
              <item identifier="ITEM-B20B7795324016AD32A905BEF5B3E4D3" identifierref="CC_amplifier_BBN" isvisible="true">
                <title>BBN</title>
              </item>
              <item identifier="ITEM-5F159273D63B6C8458277E6B251C67DC" isvisible="true">
                <title>AT_KC_BBN_LOW</title>
                <item identifier="ITEM-9CB437BB7F0709EEAE29C1DECFA7118E" identifierref="CC_amplifier_ATT_Reading" isvisible="true">
                  <title>ATT Reading</title>
                </item>
                <item identifier="ITEM-AC347BBAEBE27AED95D61897FBFA71C6" identifierref="CC_amplifier_Skill_Builder" isvisible="true">
                  <title>Skill Builder</title>
                </item>
              </item>
              <item identifier="ITEM-95C2E7EB2196F1807C0658609B8A2F66" isvisible="true">
                <title>AT_KC_BBN_HIGH</title>
                <item identifier="ITEM-B8B4AC41266ED72E07147D5B16838465" identifierref="CC_amplifier_New_AT_DRQ" isvisible="true">
                  <title>NEW AT DRQ</title>
                </item>
              </item>
            </item>
          </item>
        </item>
      </item>
      <item identifier="ITEM-7659AE6FA23E730A9CB465C6A3B0BE75" isvisible="true">
        <title>CB_amplifier</title>
        <item identifier="ITEM-E387DBDD2192B7915E40A09BFFB5DF35" isvisible="true">
          <title>Opening Page</title>
          <item identifier="ITEM-86B56A2101EF48A3F2E7AC29631224C9" isvisible="true">
            <title>Starting of the Course</title>
            <item identifier="ITEM-AC88DEAEB3B4D8910F74126E86720A64" identifierref="CB_amplifier_Selected_Readings" isvisible="true">
              <title>Selected Reading</title>
            </item>
            <item identifier="ITEM-286113A5202D543690C18CB224EFAEC8" identifierref="CB_amplifier_AutoTutorDR" isvisible="true">
              <title>AutoTutor DR</title>
            </item>
            <item identifier="ITEM-3C796FCEC3263078A53572B682DCF5AC" isvisible="true">
              <title>AT_DR_High</title>
              <item identifier="ITEM-3DE1362E22A348AF1B49B30BC87E4D03" identifierref="CB_amplifier_Dragoon" isvisible="true">
                <title>Dragoon</title>
              </item>
            </item>
            <item identifier="ITEM-4AB71A29A0578457DFD338A6961168DA" isvisible="true">
              <title>AT_DR_Low</title>
              <item identifier="ITEM-67350D852A718E2EB9800C84CEE8D56E" identifierref="CB_amplifier_AutoTutorKC" isvisible="true">
                <title>AutoTutor KC</title>
              </item>
              <item identifier="ITEM-7B04BD579B9DDBB47E37BE1CD8234410" identifierref="CB_amplifier_BBN" isvisible="true">
                <title>BBN</title>
              </item>
              <item identifier="ITEM-14AB95E390AF756F34ED48E1DCF17716" isvisible="true">
                <title>AT_KC_BBN_LOW</title>
                <item identifier="ITEM-E6CCDA65B025695DF8EBF717B7A90E74" identifierref="CB_amplifier_ATT_Reading" isvisible="true">
                  <title>ATT Reading</title>
                </item>
                <item identifier="ITEM-7043F46182A9AA67AFEF42C9C2D38D50" identifierref="CB_amplifier_Skill_Builder" isvisible="true">
                  <title>Skill Builder</title>
                </item>
              </item>
              <item identifier="ITEM-271B44763CB2126861438DC2DDE521C2" isvisible="true">
                <title>AT_KC_BBN_HIGH</title>
                <item identifier="ITEM-76D140CB9932F4733E004201EB5BEB2B" identifierref="CB_amplifier_New_AT_DRQ" isvisible="true">
                  <title>NEW AT DRQ</title>
                </item>
              </item>
            </item>
          </item>
        </item>
      </item>
    </organization>
  </organizations>
  <resources>
    <resource identifier="ONRETWELCOME" adlcp:scormType="sco" href="Welcome.html" type="webcontent" xml:base="Content/">
      <file href="Welcome.html" />
      <dependency identifierref="RES-COMMON" />
    </resource>
    <resource identifier="Navigation" adlcp:scormType="sco" xml:base="Content/" href="Navigation.html" type="webcontent">
      <file href="Navigation.html" />
      <dependency identifierref="RES-COMMON" />
    </resource>
    <resource identifier="Transistor_AutoTutorDR" adlcp:scormType="sco" xml:base="Content/Transistor/AutoTutor_DR/" href="Transistor_AutoTutor_DR.html" type="webcontent">
      <file href="Transistor_AutoTutor_DR.html" />
      <dependency identifierref="RES-COMMON" />
    </resource>
    <resource identifier="Transistor_AutoTutorKC" adlcp:scormType="sco" xml:base="Content/Transistor/AutoTutor_KC/" href="Transistor_AutoTutor_KC.html" type="webcontent">
      <file href="Transistor_AutoTutor_KC.html" />
      <dependency identifierref="RES-COMMON" />
    </resource>
    <resource identifier="Transistor_Dragoon" adlcp:scormType="sco" xml:base="Content/Transistor/Dragoon/" href="Transistor_Dragoon.html" type="webcontent">
      <file href="Transistor_Dragoon.html" />
      <dependency identifierref="RES-COMMON" />
    </resource>
    <resource identifier="Transistor_ATT_Reading" adlcp:scormType="sco" xml:base="Content/Transistor/ATT_Reading/" href="Transistor_ATTReading.html" type="webcontent">
      <file href="Transistor_ATTReading.html" />
      <dependency identifierref="RES-COMMON" />
    </resource>
    <resource identifier="Transistor_Skill_Builder" adlcp:scormType="sco" xml:base="Content/Transistor/Skill_Builder/" href="Transistor_Skill_Builder.html" type="webcontent">
      <file href="Transistor_Skill_Builder.html" />
      <dependency identifierref="RES-COMMON" />
    </resource>
    <resource identifier="Transistor_Selected_Readings" adlcp:scormType="sco" xml:base="Content/Transistor/Selected_Readings/" href="Transistor_SelectedReading.html" type="webcontent">
      <file href="Transistor_SelectedReading.html" />
      <dependency identifierref="RES-COMMON" />
    </resource>
    <resource identifier="Transistor_New_AT_DRQ" adlcp:scormType="sco" xml:base="Content/Transistor/New_AT_DRQ/" href="Transistor_New_AT_DRQ.html" type="webcontent">
      <file href="Transistor_New AT DRQ.html" />
      <dependency identifierref="RES-COMMON" />
    </resource>
    <resource identifier="Transistor_BBN" adlcp:scormType="sco" xml:base="Content/Transistor/BBN/" href="Transistor_BBN.html" type="webcontent">
      <file href="Transistor_BBN.html" />
      <dependency identifierref="" />
    </resource>
    <resource identifier="Series_circuit_AutoTutorDR" adlcp:scormType="sco" xml:base="Content/Series_circuit/AutoTutor_DR/" href="Series_circuit_AutoTutor_DR.html" type="webcontent">
      <file href="Series_circuit_AutoTutor_DR.html" />
      <dependency identifierref="RES-COMMON" />
    </resource>
    <resource identifier="Series_circuit_AutoTutorKC" adlcp:scormType="sco" xml:base="Content/Series_circuit/AutoTutor_KC/" href="Series_circuit_AutoTutor_KC.html" type="webcontent">
      <file href="Series_circuit_AutoTutor_KC.html" />
      <dependency identifierref="RES-COMMON" />
    </resource>
    <resource identifier="Series_circuit_Dragoon" adlcp:scormType="sco" xml:base="Content/Series_circuit/Dragoon/" href="Series_circuit_Dragoon.html" type="webcontent">
      <file href="Series_circuit_Dragoon.html" />
      <dependency identifierref="RES-COMMON" />
    </resource>
    <resource identifier="Series_circuit_ATT_Reading" adlcp:scormType="sco" xml:base="Content/Series_circuit/ATT_Reading/" href="Series_circuit_ATTReading.html" type="webcontent">
      <file href="Series_circuit_ATTReading.html" />
      <dependency identifierref="RES-COMMON" />
    </resource>
    <resource identifier="Series_circuit_Skill_Builder" adlcp:scormType="sco" xml:base="Content/Series_circuit/Skill_Builder/" href="Series_circuit_Skill_Builder.html" type="webcontent">
      <file href="Series_circuit_Skill_Builder.html" />
      <dependency identifierref="RES-COMMON" />
    </resource>
    <resource identifier="Series_circuit_Selected_Readings" adlcp:scormType="sco" xml:base="Content/Series_circuit/Selected_Readings/" href="Series_circuit_SelectedReading.html" type="webcontent">
      <file href="Series_circuit_SelectedReading.html" />
      <dependency identifierref="RES-COMMON" />
    </resource>
    <resource identifier="Series_circuit_New_AT_DRQ" adlcp:scormType="sco" xml:base="Content/Series_circuit/New_AT_DRQ/" href="Series_circuit_New_AT_DRQ.html" type="webcontent">
      <file href="Series_circuit_New_AT_DRQ.html" />
      <dependency identifierref="RES-COMMON" />
    </resource>
    <resource identifier="Series_circuit_BBN" adlcp:scormType="sco" xml:base="Content/Series_circuit/BBN/" href="Series_circuit_BBN.html" type="webcontent">
      <file href="Series_circuit_BBN.html" />
      <dependency identifierref="" />
    </resource>
    <resource identifier="Series_parallel_circuit_AutoTutorDR" adlcp:scormType="sco" xml:base="Content/Series_parallel_circuit/AutoTutor_DR/" href="Series_parallel_circuit_AutoTutor_DR.html" type="webcontent">
      <file href="Series_parallel_circuit_AutoTutor_DR.html" />
      <dependency identifierref="RES-COMMON" />
    </resource>
    <resource identifier="Series_parallel_circuit_AutoTutorKC" adlcp:scormType="sco" xml:base="Content/Series_parallel_circuit/AutoTutor_KC/" href="Series_parallel_circuit_AutoTutor_KC.html" type="webcontent">
      <file href="Series_parallel_circuit_AutoTutor_KC.html" />
      <dependency identifierref="RES-COMMON" />
    </resource>
    <resource identifier="Series_parallel_circuit_Dragoon" adlcp:scormType="sco" xml:base="Content/Series_parallel_circuit/Dragoon/" href="Series_parallel_circuit_Dragoon.html" type="webcontent">
      <file href="Series_parallel_circuit_Dragoon.html" />
      <dependency identifierref="RES-COMMON" />
    </resource>
    <resource identifier="Series_parallel_circuit_ATT_Reading" adlcp:scormType="sco" xml:base="Content/Series_parallel_circuit/ATT_Reading/" href="Series_parallel_circuit_ATTReading.html" type="webcontent">
      <file href="Series_parallel_circuit_ATTReading.html" />
      <dependency identifierref="RES-COMMON" />
    </resource>
    <resource identifier="Series_parallel_circuit_Skill_Builder" adlcp:scormType="sco" xml:base="Content/Series_parallel_circuit/Skill_Builder/" href="Series_parallel_circuit_Skill_Builder.html" type="webcontent">
      <file href="Series_parallel_circuit_Skill_Builder.html" />
      <dependency identifierref="RES-COMMON" />
    </resource>
    <resource identifier="Series_parallel_circuit_Selected_Readings" adlcp:scormType="sco" xml:base="Content/Series_parallel_circuit/Selected_Readings/" href="Series_parallel_circuit_SelectedReading.html" type="webcontent">
      <file href="Series_parallel_circuit_SelectedReading.html" />
      <dependency identifierref="RES-COMMON" />
    </resource>
    <resource identifier="Series_parallel_circuit_New_AT_DRQ" adlcp:scormType="sco" xml:base="Content/Series_parallel_circuit/New_AT_DRQ/" href="Series_parallel_circuit_New_AT_DRQ.html" type="webcontent">
      <file href="Series_parallel_circuit_New_AT_DRQ.html" />
      <dependency identifierref="RES-COMMON" />
    </resource>
    <resource identifier="Series_parallel_circuit_BBN" adlcp:scormType="sco" xml:base="Content/Series_parallel_circuit/BBN/" href="Series_parallel_circuit_BBN.html" type="webcontent">
      <file href="Series_parallel_circuit_BBN.html" />
      <dependency identifierref="" />
    </resource>
    <resource identifier="Push_pull_amplifier_AutoTutorDR" adlcp:scormType="sco" xml:base="Content/Push_pull_amplifier/AutoTutor_DR/" href="Push_pull_amplifier_AutoTutor_DR.html" type="webcontent">
      <file href="Push_pull_amplifier_AutoTutor_DR.html" />
      <dependency identifierref="RES-COMMON" />
    </resource>
    <resource identifier="Push_pull_amplifier_AutoTutorKC" adlcp:scormType="sco" xml:base="Content/Push_pull_amplifier/AutoTutor_KC/" href="Push_pull_amplifier_AutoTutor_KC.html" type="webcontent">
      <file href="Push_pull_amplifier_AutoTutor_KC.html" />
      <dependency identifierref="RES-COMMON" />
    </resource>
    <resource identifier="Push_pull_amplifier_Dragoon" adlcp:scormType="sco" xml:base="Content/Push_pull_amplifier/Dragoon/" href="Push_pull_amplifier_Dragoon.html" type="webcontent">
      <file href="Push_pull_amplifier_Dragoon.html" />
      <dependency identifierref="RES-COMMON" />
    </resource>
    <resource identifier="Push_pull_amplifier_ATT_Reading" adlcp:scormType="sco" xml:base="Content/Push_pull_amplifier/ATT_Reading/" href="Push_pull_amplifier_ATTReading.html" type="webcontent">
      <file href="Push_pull_amplifier_ATTReading.html" />
      <dependency identifierref="RES-COMMON" />
    </resource>
    <resource identifier="Push_pull_amplifier_Skill_Builder" adlcp:scormType="sco" xml:base="Content/Push_pull_amplifier/Skill_Builder/" href="Push_pull_amplifier_Skill_Builder.html" type="webcontent">
      <file href="Push_pull_amplifier_Skill_Builder.html" />
      <dependency identifierref="RES-COMMON" />
    </resource>
    <resource identifier="Push_pull_amplifier_Selected_Readings" adlcp:scormType="sco" xml:base="Content/Push_pull_amplifier/Selected_Readings/" href="Push_pull_amplifier_SelectedReading.html" type="webcontent">
      <file href="Push_pull_amplifier_SelectedReading.html" />
      <dependency identifierref="RES-COMMON" />
    </resource>
    <resource identifier="Push_pull_amplifier_New_AT_DRQ" adlcp:scormType="sco" xml:base="Content/Push_pull_amplifier/New_AT_DRQ/" href="Push_pull_amplifier_New_AT_DRQ.html" type="webcontent">
      <file href="Push_pull_amplifier_New AT DRQ.html" />
      <dependency identifierref="RES-COMMON" />
    </resource>
    <resource identifier="Push_pull_amplifier_BBN" adlcp:scormType="sco" xml:base="Content/Push_pull_amplifier/BBN/" href="Push_pull_amplifier_BBN.html" type="webcontent">
      <file href="Push_pull_amplifier_BBN.html" />
      <dependency identifierref="" />
    </resource>
    <resource identifier="PNJunction_AutoTutorDR" adlcp:scormType="sco" xml:base="Content/PNJunction/AutoTutor_DR/" href="PNJunction_AutoTutor_DR.html" type="webcontent">
      <file href="PNJunction_AutoTutor_DR.html" />
      <dependency identifierref="RES-COMMON" />
    </resource>
    <resource identifier="PNJunction_AutoTutorKC" adlcp:scormType="sco" xml:base="Content/PNJunction/AutoTutor_KC/" href="PNJunction_AutoTutor_KC.html" type="webcontent">
      <file href="PNJunction_AutoTutor_KC.html" />
      <dependency identifierref="RES-COMMON" />
    </resource>
    <resource identifier="PNJunction_Dragoon" adlcp:scormType="sco" xml:base="Content/PNJunction/Dragoon/" href="PNJunction_Dragoon.html" type="webcontent">
      <file href="PNJunction_Dragoon.html" />
      <dependency identifierref="RES-COMMON" />
    </resource>
    <resource identifier="PNJunction_ATT_Reading" adlcp:scormType="sco" xml:base="Content/PNJunction/ATT_Reading/" href="PNJunction_ATTReading.html" type="webcontent">
      <file href="PNJunction_ATTReading.html" />
      <dependency identifierref="RES-COMMON" />
    </resource>
    <resource identifier="PNJunction_Skill_Builder" adlcp:scormType="sco" xml:base="Content/PNJunction/Skill_Builder/" href="PNJunction_Skill_Builder.html" type="webcontent">
      <file href="PNJunction_Skill_Builder.html" />
      <dependency identifierref="RES-COMMON" />
    </resource>
    <resource identifier="PNJunction_Selected_Readings" adlcp:scormType="sco" xml:base="Content/PNJunction/Selected_Readings/" href="PNJunction_SelectedReading.html" type="webcontent">
      <file href="PNJunction_SelectedReading.html" />
      <dependency identifierref="RES-COMMON" />
    </resource>
    <resource identifier="PNJunction_New_AT_DRQ" adlcp:scormType="sco" xml:base="Content/PNJunction/New_AT_DRQ/" href="PNJunction_New_AT_DRQ.html" type="webcontent">
      <file href="PNJunction_New AT DRQ.html" />
      <dependency identifierref="RES-COMMON" />
    </resource>
    <resource identifier="PNJunction_BBN" adlcp:scormType="sco" xml:base="Content/PNJunction/BBN/" href="PNJunction_BBN.html" type="webcontent">
      <file href="PNJunction_BBN.html" />
      <dependency identifierref="" />
    </resource>
    <resource identifier="Parallel_circuit_AutoTutorDR" adlcp:scormType="sco" xml:base="Content/Parallel_circuit/AutoTutor_DR/" href="Parallel_circuit_AutoTutor_DR.html" type="webcontent">
      <file href="Parallel_circuit_AutoTutor_DR.html" />
      <dependency identifierref="RES-COMMON" />
    </resource>
    <resource identifier="Parallel_circuit_AutoTutorKC" adlcp:scormType="sco" xml:base="Content/Parallel_circuit/AutoTutor_KC/" href="Parallel_circuit_AutoTutor_KC.html" type="webcontent">
      <file href="Parallel_circuit_AutoTutor_KC.html" />
      <dependency identifierref="RES-COMMON" />
    </resource>
    <resource identifier="Parallel_circuit_Dragoon" adlcp:scormType="sco" xml:base="Content/Parallel_circuit/Dragoon/" href="Parallel_circuit_Dragoon.html" type="webcontent">
      <file href="Parallel_circuit_Dragoon.html" />
      <dependency identifierref="RES-COMMON" />
    </resource>
    <resource identifier="Parallel_circuit_ATT_Reading" adlcp:scormType="sco" xml:base="Content/Parallel_circuit/ATT_Reading/" href="Parallel_circuit_ATTReading.html" type="webcontent">
      <file href="Parallel_circuit_ATTReading.html" />
      <dependency identifierref="RES-COMMON" />
    </resource>
    <resource identifier="Parallel_circuit_Skill_Builder" adlcp:scormType="sco" xml:base="Content/Parallel_circuit/Skill_Builder/" href="Parallel_circuit_Skill_Builder.html" type="webcontent">
      <file href="Parallel_circuit_Skill_Builder.html" />
      <dependency identifierref="RES-COMMON" />
    </resource>
    <resource identifier="Parallel_circuit_Selected_Readings" adlcp:scormType="sco" xml:base="Content/Parallel_circuit/Selected_Readings/" href="Parallel_circuit_SelectedReading.html" type="webcontent">
      <file href="Parallel_circuit_SelectedReading.html" />
      <dependency identifierref="RES-COMMON" />
    </resource>
    <resource identifier="Parallel_circuit_New_AT_DRQ" adlcp:scormType="sco" xml:base="Content/Parallel_circuit/New_AT_DRQ/" href="Parallel_circuit_New_AT_DRQ.html" type="webcontent">
      <file href="Parallel_circuit_New AT DRQ.html" />
      <dependency identifierref="RES-COMMON" />
    </resource>
    <resource identifier="Parallel_circuit_BBN" adlcp:scormType="sco" xml:base="Content/Parallel_circuit/BBN/" href="Parallel_circuit_BBN.html" type="webcontent">
      <file href="Parallel_circuit_BBN.html" />
      <dependency identifierref="" />
    </resource>
    <resource identifier="Ohm_law_AutoTutorDR" adlcp:scormType="sco" xml:base="Content/Ohm_law/AutoTutor_DR/" href="Ohm_law_AutoTutor_DR.html" type="webcontent">
      <file href="Ohm_law_AutoTutor_DR.html" />
      <dependency identifierref="RES-COMMON" />
    </resource>
    <resource identifier="Ohm_law_AutoTutorKC" adlcp:scormType="sco" xml:base="Content/Ohm_law/AutoTutor_KC/" href="Ohm_law_AutoTutor_KC.html" type="webcontent">
      <file href="Ohm_law_AutoTutor_KC.html" />
      <dependency identifierref="RES-COMMON" />
    </resource>
    <resource identifier="Ohm_law_Dragoon" adlcp:scormType="sco" xml:base="Content/Ohm_law/Dragoon/" href="Ohm_law_Dragoon.html" type="webcontent">
      <file href="Ohm_law_Dragoon.html" />
      <dependency identifierref="RES-COMMON" />
    </resource>
    <resource identifier="Ohm_law_ATT_Reading" adlcp:scormType="sco" xml:base="Content/Ohm_law/ATT_Reading/" href="Ohm_law_ATTReading.html" type="webcontent">
      <file href="Ohm_law_ATTReading.html" />
      <dependency identifierref="RES-COMMON" />
    </resource>
    <resource identifier="Ohm_law_Skill_Builder" adlcp:scormType="sco" xml:base="Content/Ohm_law/Skill_Builder/" href="Ohm_law_Skill_Builder.html" type="webcontent">
      <file href="Ohm_law_Skill_Builder.html" />
      <dependency identifierref="RES-COMMON" />
    </resource>
    <resource identifier="Ohm_law_Selected_Readings" adlcp:scormType="sco" xml:base="Content/Ohm_law/Selected_Readings/" href="Ohm_law_SelectedReading.html" type="webcontent">
      <file href="Ohm_law_SelectedReading.html" />
      <dependency identifierref="RES-COMMON" />
    </resource>
    <resource identifier="Ohm_law_New_AT_DRQ" adlcp:scormType="sco" xml:base="Content/Ohm_law/New_AT_DRQ/" href="Ohm_law_New_AT_DRQ.html" type="webcontent">
      <file href="Ohm_law_New AT DRQ.html" />
      <dependency identifierref="RES-COMMON" />
    </resource>
    <resource identifier="Ohm_law_BBN" adlcp:scormType="sco" xml:base="Content/Ohm_law/BBN/" href="Ohm_law_BBN.html" type="webcontent">
      <file href="Ohm_law_BBN.html" />
      <dependency identifierref="" />
    </resource>
    <resource identifier="MultiStage_amplifier_AutoTutorDR" adlcp:scormType="sco" xml:base="Content/MultiStage_amplifier/AutoTutor_DR/" href="MultiStage_amplifier_AutoTutor_DR.html" type="webcontent">
      <file href="MultiStage_amplifier_AutoTutor_DR.html" />
      <dependency identifierref="RES-COMMON" />
    </resource>
    <resource identifier="MultiStage_amplifier_AutoTutorKC" adlcp:scormType="sco" xml:base="Content/MultiStage_amplifier/AutoTutor_KC/" href="MultiStage_amplifier_AutoTutor_KC.html" type="webcontent">
      <file href="MultiStage_amplifier_AutoTutor_KC.html" />
      <dependency identifierref="RES-COMMON" />
    </resource>
    <resource identifier="MultiStage_amplifier_Dragoon" adlcp:scormType="sco" xml:base="Content/MultiStage_amplifier/Dragoon/" href="MultiStage_amplifier_Dragoon.html" type="webcontent">
      <file href="MultiStage_amplifier_Dragoon.html" />
      <dependency identifierref="RES-COMMON" />
    </resource>
    <resource identifier="MultiStage_amplifier_ATT_Reading" adlcp:scormType="sco" xml:base="Content/MultiStage_amplifier/ATT_Reading/" href="MultiStage_amplifier_ATTReading.html" type="webcontent">
      <file href="MultiStage_amplifier_ATTReading.html" />
      <dependency identifierref="RES-COMMON" />
    </resource>
    <resource identifier="MultiStage_amplifier_Skill_Builder" adlcp:scormType="sco" xml:base="Content/MultiStage_amplifier/Skill_Builder/" href="MultiStage_amplifier_Skill_Builder.html" type="webcontent">
      <file href="MultiStage_amplifier_Skill_Builder.html" />
      <dependency identifierref="RES-COMMON" />
    </resource>
    <resource identifier="MultiStage_amplifier_Selected_Readings" adlcp:scormType="sco" xml:base="Content/MultiStage_amplifier/Selected_Readings/" href="MultiStage_amplifier_SelectedReading.html" type="webcontent">
      <file href="MultiStage_amplifier_SelectedReading.html" />
      <dependency identifierref="RES-COMMON" />
    </resource>
    <resource identifier="MultiStage_amplifier_New_AT_DRQ" adlcp:scormType="sco" xml:base="Content/MultiStage_amplifier/New_AT_DRQ/" href="MultiStage_amplifier_New_AT_DRQ.html" type="webcontent">
      <file href="MultiStage_amplifier_New AT DRQ.html" />
      <dependency identifierref="RES-COMMON" />
    </resource>
    <resource identifier="MultiStage_amplifier_BBN" adlcp:scormType="sco" xml:base="Content/MultiStage_amplifier/BBN/" href="MultiStage_amplifier_BBN.html" type="webcontent">
      <file href="MultiStage_amplifier_BBN.html" />
      <dependency identifierref="" />
    </resource>
    <resource identifier="Limiters_AutoTutorDR" adlcp:scormType="sco" xml:base="Content/Limiters/AutoTutor_DR/" href="Limiters_AutoTutor_DR.html" type="webcontent">
      <file href="Limiters_AutoTutor_DR.html" />
      <dependency identifierref="RES-COMMON" />
    </resource>
    <resource identifier="Limiters_AutoTutorKC" adlcp:scormType="sco" xml:base="Content/Limiters/AutoTutor_KC/" href="Limiters_AutoTutor_KC.html" type="webcontent">
      <file href="Limiters_AutoTutor_KC.html" />
      <dependency identifierref="RES-COMMON" />
    </resource>
    <resource identifier="Limiters_Dragoon" adlcp:scormType="sco" xml:base="Content/Limiters/Dragoon/" href="Limiters_Dragoon.html" type="webcontent">
      <file href="Limiters_Dragoon.html" />
      <dependency identifierref="RES-COMMON" />
    </resource>
    <resource identifier="Limiters_ATT_Reading" adlcp:scormType="sco" xml:base="Content/Limiters/ATT_Reading/" href="Limiters_ATTReading.html" type="webcontent">
      <file href="Limiters_ATTReading.html" />
      <dependency identifierref="RES-COMMON" />
    </resource>
    <resource identifier="Limiters_Skill_Builder" adlcp:scormType="sco" xml:base="Content/Limiters/Skill_Builder/" href="Limiters_Skill_Builder.html" type="webcontent">
      <file href="Limiters_Skill_Builder.html" />
      <dependency identifierref="RES-COMMON" />
    </resource>
    <resource identifier="Limiters_Selected_Readings" adlcp:scormType="sco" xml:base="Content/Limiters/Selected_Readings/" href="Limiters_SelectedReading.html" type="webcontent">
      <file href="Limiters_SelectedReading.html" />
      <dependency identifierref="RES-COMMON" />
    </resource>
    <resource identifier="Limiters_New_AT_DRQ" adlcp:scormType="sco" xml:base="Content/Limiters/New_AT_DRQ/" href="Limiters_New_AT_DRQ.html" type="webcontent">
      <file href="Limiters_New AT DRQ.html" />
      <dependency identifierref="RES-COMMON" />
    </resource>
    <resource identifier="Limiters_BBN" adlcp:scormType="sco" xml:base="Content/Limiters/BBN/" href="Limiters_BBN.html" type="webcontent">
      <file href="Limiters_BBN.html" />
      <dependency identifierref="" />
    </resource>
    <resource identifier="Clampers_AutoTutorDR" adlcp:scormType="sco" xml:base="Content/Clampers/AutoTutor_DR/" href="Clampers_AutoTutor_DR.html" type="webcontent">
      <file href="Clampers_AutoTutor_DR.html" />
      <dependency identifierref="RES-COMMON" />
    </resource>
    <resource identifier="Clampers_AutoTutorKC" adlcp:scormType="sco" xml:base="Content/Clampers/AutoTutor_KC/" href="Clampers_AutoTutor_KC.html" type="webcontent">
      <file href="Clampers_AutoTutor_KC.html" />
      <dependency identifierref="RES-COMMON" />
    </resource>
    <resource identifier="Clampers_Dragoon" adlcp:scormType="sco" xml:base="Content/Clampers/Dragoon/" href="Clampers_Dragoon.html" type="webcontent">
      <file href="Clampers_Dragoon.html" />
      <dependency identifierref="RES-COMMON" />
    </resource>
    <resource identifier="Clampers_ATT_Reading" adlcp:scormType="sco" xml:base="Content/Clampers/ATT_Reading/" href="Clampers_ATTReading.html" type="webcontent">
      <file href="Clampers_ATTReading.html" />
      <dependency identifierref="RES-COMMON" />
    </resource>
    <resource identifier="Clampers_Skill_Builder" adlcp:scormType="sco" xml:base="Content/Clampers/Skill_Builder/" href="Clampers_Skill_Builder.html" type="webcontent">
      <file href="Clampers_Skill_Builder.html" />
      <dependency identifierref="RES-COMMON" />
    </resource>
    <resource identifier="Clampers_Selected_Readings" adlcp:scormType="sco" xml:base="Content/Clampers/Selected_Readings/" href="Clampers_SelectedReading.html" type="webcontent">
      <file href="Clampers_SelectedReading.html" />
      <dependency identifierref="RES-COMMON" />
    </resource>
    <resource identifier="Clampers_New_AT_DRQ" adlcp:scormType="sco" xml:base="Content/Clampers/New_AT_DRQ/" href="Clampers_New_AT_DRQ.html" type="webcontent">
      <file href="Clampers_New AT DRQ.html" />
      <dependency identifierref="RES-COMMON" />
    </resource>
    <resource identifier="Clampers_BBN" adlcp:scormType="sco" xml:base="Content/Clampers/BBN/" href="Clampers_BBN.html" type="webcontent">
      <file href="Clampers_BBN.html" />
      <dependency identifierref="" />
    </resource>
    <resource identifier="CE_amplifier_fixed _bias_voltage_divider_AutoTutorDR" adlcp:scormType="sco" xml:base="Content/CE_amplifier_fixed _bias_voltage_divider/AutoTutor_DR/" href="CE_amplifier_fixed _bias_voltage_divider_AutoTutor_DR.html" type="webcontent">
      <file href="CE_amplifier_fixed _bias_voltage_divider_AutoTutor_DR.html" />
      <dependency identifierref="RES-COMMON" />
    </resource>
    <resource identifier="CE_amplifier_fixed _bias_voltage_divider_AutoTutorKC" adlcp:scormType="sco" xml:base="Content/CE_amplifier_fixed _bias_voltage_divider/AutoTutor_KC/" href="CE_amplifier_fixed _bias_voltage_divider_AutoTutor_KC.html" type="webcontent">
      <file href="CE_amplifier_fixed _bias_voltage_divider_AutoTutor_KC.html" />
      <dependency identifierref="RES-COMMON" />
    </resource>
    <resource identifier="CE_amplifier_fixed _bias_voltage_divider_Dragoon" adlcp:scormType="sco" xml:base="Content/CE_amplifier_fixed _bias_voltage_divider/Dragoon/" href="CE_amplifier_fixed _bias_voltage_divider_Dragoon.html" type="webcontent">
      <file href="CE_amplifier_fixed _bias_voltage_divider_Dragoon.html" />
      <dependency identifierref="RES-COMMON" />
    </resource>
    <resource identifier="CE_amplifier_fixed _bias_voltage_divider_ATT_Reading" adlcp:scormType="sco" xml:base="Content/CE_amplifier_fixed _bias_voltage_divider/ATT_Reading/" href="CE_amplifier_fixed _bias_voltage_divider_ATTReading.html" type="webcontent">
      <file href="CE_amplifier_fixed _bias_voltage_divider_ATTReading.html" />
      <dependency identifierref="RES-COMMON" />
    </resource>
    <resource identifier="CE_amplifier_fixed _bias_voltage_divider_Skill_Builder" adlcp:scormType="sco" xml:base="Content/CE_amplifier_fixed _bias_voltage_divider/Skill_Builder/" href="CE_amplifier_fixed _bias_voltage_divider_Skill_Builder.html" type="webcontent">
      <file href="CE_amplifier_fixed _bias_voltage_divider_Skill_Builder.html" />
      <dependency identifierref="RES-COMMON" />
    </resource>
    <resource identifier="CE_amplifier_fixed _bias_voltage_divider_Selected_Readings" adlcp:scormType="sco" xml:base="Content/CE_amplifier_fixed _bias_voltage_divider/Selected_Readings/" href="CE_amplifier_fixed _bias_voltage_divider_SelectedReading.html" type="webcontent">
      <file href="CE_amplifier_fixed _bias_voltage_divider_SelectedReading.html" />
      <dependency identifierref="RES-COMMON" />
    </resource>
    <resource identifier="CE_amplifier_fixed _bias_voltage_divider_New_AT_DRQ" adlcp:scormType="sco" xml:base="Content/CE_amplifier_fixed _bias_voltage_divider/New_AT_DRQ/" href="CE_amplifier_fixed _bias_voltage_divider_New_AT_DRQ.html" type="webcontent">
      <file href="CE_amplifier_fixed _bias_voltage_divider_New AT DRQ.html" />
      <dependency identifierref="RES-COMMON" />
    </resource>
    <resource identifier="CE_amplifier_fixed _bias_voltage_divider_BBN" adlcp:scormType="sco" xml:base="Content/CE_amplifier_fixed _bias_voltage_divider/BBN/" href="CE_amplifier_fixed _bias_voltage_divider_BBN.html" type="webcontent">
      <file href="CE_amplifier_fixed _bias_voltage_divider_BBN.html" />
      <dependency identifierref="" />
    </resource>
    <resource identifier="CE_amplifier_battery_bias_AutoTutorDR" adlcp:scormType="sco" xml:base="Content/CE_amplifier_battery_bias/AutoTutor_DR/" href="CE_amplifier_battery_bias_AutoTutor_DR.html" type="webcontent">
      <file href="CE_amplifier_battery_bias_AutoTutor_DR.html" />
      <dependency identifierref="RES-COMMON" />
    </resource>
    <resource identifier="CE_amplifier_battery_bias_AutoTutorKC" adlcp:scormType="sco" xml:base="Content/CE_amplifier_battery_bias/AutoTutor_KC/" href="CE_amplifier_battery_bias_AutoTutor_KC.html" type="webcontent">
      <file href="CE_amplifier_battery_bias_AutoTutor_KC.html" />
      <dependency identifierref="RES-COMMON" />
    </resource>
    <resource identifier="CE_amplifier_battery_bias_Dragoon" adlcp:scormType="sco" xml:base="Content/CE_amplifier_battery_bias/Dragoon/" href="CE_amplifier_battery_bias_Dragoon.html" type="webcontent">
      <file href="CE_amplifier_battery_bias_Dragoon.html" />
      <dependency identifierref="RES-COMMON" />
    </resource>
    <resource identifier="CE_amplifier_battery_bias_ATT_Reading" adlcp:scormType="sco" xml:base="Content/CE_amplifier_battery_bias/ATT_Reading/" href="CE_amplifier_battery_bias_ATTReading.html" type="webcontent">
      <file href="CE_amplifier_battery_bias_ATTReading.html" />
      <dependency identifierref="RES-COMMON" />
    </resource>
    <resource identifier="CE_amplifier_battery_bias_Skill_Builder" adlcp:scormType="sco" xml:base="Content/CE_amplifier_battery_bias/Skill_Builder/" href="CE_amplifier_battery_bias_Skill_Builder.html" type="webcontent">
      <file href="CE_amplifier_battery_bias_Skill_Builder.html" />
      <dependency identifierref="RES-COMMON" />
    </resource>
    <resource identifier="CE_amplifier_battery_bias_Selected_Readings" adlcp:scormType="sco" xml:base="Content/CE_amplifier_battery_bias/Selected_Readings/" href="CE_amplifier_battery_bias_SelectedReading.html" type="webcontent">
      <file href="CE_amplifier_battery_bias_SelectedReading.html" />
      <dependency identifierref="RES-COMMON" />
    </resource>
    <resource identifier="CE_amplifier_battery_bias_New_AT_DRQ" adlcp:scormType="sco" xml:base="Content/CE_amplifier_battery_bias/New_AT_DRQ/" href="CE_amplifier_battery_bias_New_AT_DRQ.html" type="webcontent">
      <file href="CE_amplifier_battery_bias_New AT DRQ.html" />
      <dependency identifierref="RES-COMMON" />
    </resource>
    <resource identifier="CE_amplifier_battery_bias_BBN" adlcp:scormType="sco" xml:base="Content/CE_amplifier_battery_bias/BBN/" href="CE_amplifier_battery_bias_BBN.html" type="webcontent">
      <file href="CE_amplifier_battery_bias_BBN.html" />
      <dependency identifierref="" />
    </resource>
    <resource identifier="CC_amplifier_AutoTutorDR" adlcp:scormType="sco" xml:base="Content/CC_amplifier/AutoTutor_DR/" href="CC_amplifier_AutoTutor_DR.html" type="webcontent">
      <file href="CC_amplifier_AutoTutor_DR.html" />
      <dependency identifierref="RES-COMMON" />
    </resource>
    <resource identifier="CC_amplifier_AutoTutorKC" adlcp:scormType="sco" xml:base="Content/CC_amplifier/AutoTutor_KC/" href="CC_amplifier_AutoTutor_KC.html" type="webcontent">
      <file href="CC_amplifier_AutoTutor_KC.html" />
      <dependency identifierref="RES-COMMON" />
    </resource>
    <resource identifier="CC_amplifier_Dragoon" adlcp:scormType="sco" xml:base="Content/CC_amplifier/Dragoon/" href="CC_amplifier_Dragoon.html" type="webcontent">
      <file href="CC_amplifier_Dragoon.html" />
      <dependency identifierref="RES-COMMON" />
    </resource>
    <resource identifier="CC_amplifier_ATT_Reading" adlcp:scormType="sco" xml:base="Content/CC_amplifier/ATT_Reading/" href="CC_amplifier_ATTReading.html" type="webcontent">
      <file href="CC_amplifier_ATTReading.html" />
      <dependency identifierref="RES-COMMON" />
    </resource>
    <resource identifier="CC_amplifier_Skill_Builder" adlcp:scormType="sco" xml:base="Content/CC_amplifier/Skill_Builder/" href="CC_amplifier_Skill_Builder.html" type="webcontent">
      <file href="CC_amplifier_Skill_Builder.html" />
      <dependency identifierref="RES-COMMON" />
    </resource>
    <resource identifier="CC_amplifier_Selected_Readings" adlcp:scormType="sco" xml:base="Content/CC_amplifier/Selected_Readings/" href="CC_amplifier_SelectedReading.html" type="webcontent">
      <file href="CC_amplifier_SelectedReading.html" />
      <dependency identifierref="RES-COMMON" />
    </resource>
    <resource identifier="CC_amplifier_New_AT_DRQ" adlcp:scormType="sco" xml:base="Content/CC_amplifier/New_AT_DRQ/" href="CC_amplifier_New_AT_DRQ.html" type="webcontent">
      <file href="CC_amplifier_New AT DRQ.html" />
      <dependency identifierref="RES-COMMON" />
    </resource>
    <resource identifier="CC_amplifier_BBN" adlcp:scormType="sco" xml:base="Content/CC_amplifier/BBN/" href="CC_amplifier_BBN.html" type="webcontent">
      <file href="CC_amplifier_BBN.html" />
      <dependency identifierref="" />
    </resource>
    <resource identifier="CB_amplifier_AutoTutorDR" adlcp:scormType="sco" xml:base="Content/CB_amplifier/AutoTutor_DR/" href="CB_amplifier_AutoTutor_DR.html" type="webcontent">
      <file href="CB_amplifier_AutoTutor_DR.html" />
      <dependency identifierref="RES-COMMON" />
    </resource>
    <resource identifier="CB_amplifier_AutoTutorKC" adlcp:scormType="sco" xml:base="Content/CB_amplifier/AutoTutor_KC/" href="CB_amplifier_AutoTutor_KC.html" type="webcontent">
      <file href="CB_amplifier_AutoTutor_KC.html" />
      <dependency identifierref="RES-COMMON" />
    </resource>
    <resource identifier="CB_amplifier_Dragoon" adlcp:scormType="sco" xml:base="Content/CB_amplifier/Dragoon/" href="CB_amplifier_Dragoon.html" type="webcontent">
      <file href="CB_amplifier_Dragoon.html" />
      <dependency identifierref="RES-COMMON" />
    </resource>
    <resource identifier="CB_amplifier_ATT_Reading" adlcp:scormType="sco" xml:base="Content/CB_amplifier/ATT_Reading/" href="CB_amplifier_ATTReading.html" type="webcontent">
      <file href="CB_amplifier_ATTReading.html" />
      <dependency identifierref="RES-COMMON" />
    </resource>
    <resource identifier="CB_amplifier_Skill_Builder" adlcp:scormType="sco" xml:base="Content/CB_amplifier/Skill_Builder/" href="CB_amplifier_Skill_Builder.html" type="webcontent">
      <file href="CB_amplifier_Skill_Builder.html" />
      <dependency identifierref="RES-COMMON" />
    </resource>
    <resource identifier="CB_amplifier_Selected_Readings" adlcp:scormType="sco" xml:base="Content/CB_amplifier/Selected_Readings/" href="CB_amplifier_SelectedReading.html" type="webcontent">
      <file href="CB_amplifier_SelectedReading.html" />
      <dependency identifierref="RES-COMMON" />
    </resource>
    <resource identifier="CB_amplifier_New_AT_DRQ" adlcp:scormType="sco" xml:base="Content/CB_amplifier/New_AT_DRQ/" href="CB_amplifier_New_AT_DRQ.html" type="webcontent">
      <file href="CB_amplifier_New AT DRQ.html" />
      <dependency identifierref="RES-COMMON" />
    </resource>
    <resource identifier="CB_amplifier_BBN" adlcp:scormType="sco" xml:base="Content/CB_amplifier/BBN/" href="CB_amplifier_BBN.html" type="webcontent">
      <file href="CB_amplifier_BBN.html" />
      <dependency identifierref="" />
    </resource>
    <resource identifier="RES-COMMON" adlcp:scormType="asset" xml:base="Content/" type="webcontent" />
  </resources>
</manifest>

