<?xml version="1.0" encoding="UTF-8"?>
<!--This is a Reload version 1.1.1 SCORM 2004 Content Package document-->
<!--Spawned from the Reload Content Package Generator - http://www.reload.ac.uk-->
<manifest xmlns="http://www.imsglobal.org/xsd/imscp_v1p1" xmlns:lom="http://ltsc.ieee.org/xsd/LOM" xmlns:xsi="http://www.w3.org/2001/XMLSchema-instance" xmlns:adlcp="http://www.adlnet.org/xsd/adlcp_v1p3" xmlns:imsss="http://www.imsglobal.org/xsd/imsss" xmlns:adlseq="http://www.adlnet.org/xsd/adlseq_v1p3" xmlns:adlnav="http://www.adlnet.org/xsd/adlnav_v1p3" identifier="MANIFEST-67ECF89A-C6CD-F6D0-F8A1-259F762A6F1B" xsi:schemaLocation="http://www.imsglobal.org/xsd/imscp_v1p1 imscp_v1p1.xsd http://ltsc.ieee.org/xsd/LOM lom.xsd http://www.adlnet.org/xsd/adlcp_v1p3 adlcp_v1p3.xsd http://www.imsglobal.org/xsd/imsss imsss_v1p0.xsd http://www.adlnet.org/xsd/adlseq_v1p3 adlseq_v1p3.xsd http://www.adlnet.org/xsd/adlnav_v1p3 adlnav_v1p3.xsd" version="1.3">
  <metadata>
    <schema>ADL SCORM</schema>
    <schemaversion>CAM 1.3</schemaversion>
  </metadata>
  <organizations default="ORG-86C880C0-4C2A-5390-30AE-8B5CEE08F774">
    <organization identifier="ORG-86C880C0-4C2A-5390-30AE-8B5CEE08F774">
      <title>Template 8 - Remediation</title>
      <item identifier="ITEM-F61A5044-92CB-2C3F-169C-743F42E1C2DB" isvisible="true">
        <title>Retry Aggregation</title>
        <item identifier="ITEM-D39837E0-ECE4-D3D7-8125-678CECC744B4" isvisible="true">
          <title>Lesson Aggregation</title>
          <item identifier="ITEM-17B99A58-8D83-F72A-BB84-70AC9CACF093" identifierref="RES-43B72821-992A-4B36-6937-30010B4B36D9">
            <title>SCO-1: Lesson</title>
            <imsss:sequencing>
              <imsss:sequencingRules>
                <imsss:preConditionRule>
                  <imsss:ruleConditions conditionCombination="all">
                    <imsss:ruleCondition operator="noOp" condition="satisfied" />
                  </imsss:ruleConditions>
                  <imsss:ruleAction action="skip" />
                </imsss:preConditionRule>
              </imsss:sequencingRules>
              <imsss:rollupRules rollupObjectiveSatisfied="false" rollupProgressCompletion="false" />
              <imsss:objectives>
                <imsss:primaryObjective satisfiedByMeasure="false" objectiveID="primary_obj1">
                  <imsss:mapInfo targetObjectiveID="obj_1" readSatisfiedStatus="true" readNormalizedMeasure="false" writeSatisfiedStatus="false" writeNormalizedMeasure="false" />
                </imsss:primaryObjective>
              </imsss:objectives>
            </imsss:sequencing>
          </item>
          <item identifier="ITEM-C0F95C0A-056D-0C31-B78D-377BFB18408B" identifierref="RES-134D5D0B-267E-3897-CF71-FE96D42BB339">
            <title>SCO-2: Lesson</title>
            <imsss:sequencing>
              <imsss:sequencingRules>
                <imsss:preConditionRule>
                  <imsss:ruleConditions conditionCombination="all">
                    <imsss:ruleCondition operator="noOp" condition="satisfied" />
                  </imsss:ruleConditions>
                  <imsss:ruleAction action="skip" />
                </imsss:preConditionRule>
              </imsss:sequencingRules>
              <imsss:rollupRules rollupObjectiveSatisfied="false" rollupProgressCompletion="false" />
              <imsss:objectives>
                <imsss:primaryObjective satisfiedByMeasure="false" objectiveID="primary_obj2">
                  <imsss:mapInfo targetObjectiveID="obj_2" readSatisfiedStatus="true" readNormalizedMeasure="false" writeSatisfiedStatus="false" writeNormalizedMeasure="false" />
                </imsss:primaryObjective>
              </imsss:objectives>
            </imsss:sequencing>
          </item>
          <imsss:sequencing>
            <imsss:controlMode choice="false" choiceExit="false" flow="true" forwardOnly="false" useCurrentAttemptObjectiveInfo="true" useCurrentAttemptProgressInfo="true" />
          </imsss:sequencing>
        </item>
        <item identifier="ITEM-DA0DE30C-1F4A-9E4B-32BB-941F2BDCBF4C" identifierref="RES-0468A791-4FE3-E1B3-5AD9-5CC3D868886B">
          <title>SCO-3: Posttest</title>
          <imsss:sequencing>
            <imsss:sequencingRules>
              <imsss:postConditionRule>
                <imsss:ruleConditions conditionCombination="all">
                  <imsss:ruleCondition operator="noOp" condition="attemptLimitExceeded" />
                </imsss:ruleConditions>
                <imsss:ruleAction action="exitParent" />
              </imsss:postConditionRule>
            </imsss:sequencingRules>
            <imsss:limitConditions attemptLimit="3" />
            <imsss:rollupRules objectiveMeasureWeight="1.0000" />
            <imsss:objectives>
              <imsss:primaryObjective satisfiedByMeasure="false" objectiveID="PRIMARY_OBJ" />
              <imsss:objective satisfiedByMeasure="false" objectiveID="obj_1">
                <imsss:mapInfo targetObjectiveID="obj_1" readSatisfiedStatus="false" readNormalizedMeasure="false" writeSatisfiedStatus="true" writeNormalizedMeasure="false" />
              </imsss:objective>
              <imsss:objective satisfiedByMeasure="false" objectiveID="obj_2">
                <imsss:mapInfo targetObjectiveID="obj_2" readSatisfiedStatus="false" readNormalizedMeasure="false" writeSatisfiedStatus="true" writeNormalizedMeasure="false" />
              </imsss:objective>
            </imsss:objectives>
          </imsss:sequencing>
        </item>
        <imsss:sequencing>
          <imsss:controlMode choice="false" choiceExit="true" flow="true" forwardOnly="false" useCurrentAttemptObjectiveInfo="true" useCurrentAttemptProgressInfo="true" />
          <imsss:sequencingRules>
            <imsss:exitConditionRule>
              <imsss:ruleConditions conditionCombination="all">
                <imsss:ruleCondition referencedObjective="primary-obj" operator="noOp" condition="completed" />
              </imsss:ruleConditions>
              <imsss:ruleAction action="exit" />
            </imsss:exitConditionRule>
            <imsss:postConditionRule>
              <imsss:ruleConditions conditionCombination="all">
                <imsss:ruleCondition referencedObjective="primary-obj" operator="not" condition="satisfied" />
              </imsss:ruleConditions>
              <imsss:ruleAction action="retry" />
            </imsss:postConditionRule>
          </imsss:sequencingRules>
          <imsss:objectives>
            <imsss:primaryObjective objectiveID="primary-obj" />
          </imsss:objectives>
        </imsss:sequencing>
      </item>
      <imsss:sequencing>
        <imsss:controlMode choice="false" choiceExit="true" flow="true" forwardOnly="true" useCurrentAttemptObjectiveInfo="true" useCurrentAttemptProgressInfo="true" />
        <imsss:sequencingRules>
          <imsss:exitConditionRule>
            <imsss:ruleConditions conditionCombination="all">
              <imsss:ruleCondition operator="noOp" referencedObjective="primary-obj" condition="satisfied" />
            </imsss:ruleConditions>
            <imsss:ruleAction action="exit" />
          </imsss:exitConditionRule>
        </imsss:sequencingRules>
        <imsss:objectives>
          <imsss:primaryObjective objectiveID="primary-obj" />
        </imsss:objectives>
      </imsss:sequencing>
    </organization>
  </organizations>
  <resources>
    <resource identifier="RES-43B72821-992A-4B36-6937-30010B4B36D9" href="SCO-1.html" adlcp:scormType="sco" type="webcontent">
      <file href="SCO-1.html" />
      <file href="util/APIWrapper.js" />
    </resource>
    <resource identifier="RES-134D5D0B-267E-3897-CF71-FE96D42BB339" href="SCO-2.html" adlcp:scormType="sco" type="webcontent">
      <file href="SCO-2.html" />
      <file href="util/APIWrapper.js" />
    </resource>
    <resource identifier="RES-0468A791-4FE3-E1B3-5AD9-5CC3D868886B" href="SCO-3_Post-Test.html" adlcp:scormType="sco" type="webcontent">
      <file href="SCO-3_Post-Test.html" />
      <file href="util/APIWrapper.js" />
    </resource>
  </resources>
</manifest>

