<?xml version="1.0" encoding="UTF-8"?>
<!-- v0.1 -->
<manifest xmlns="http://www.imsglobal.org/xsd/imscp_v1p1" xmlns:lom="http://ltsc.ieee.org/xsd/LOM" xmlns:xsi="http://www.w3.org/2001/XMLSchema-instance" xmlns:adlcp="http://www.adlnet.org/xsd/adlcp_v1p3" xmlns:imsss="http://www.imsglobal.org/xsd/imsss" xmlns:adlseq="http://www.adlnet.org/xsd/adlseq_v1p3" xmlns:adlnav="http://www.adlnet.org/xsd/adlnav_v1p3" identifier="MANIFEST-__ADL-TEMPLATES" xsi:schemaLocation="http://www.imsglobal.org/xsd/imscp_v1p1 imscp_v1p1.xsd   http://ltsc.ieee.org/xsd/LOM lom.xsd http://www.adlnet.org/xsd/adlcp_v1p3 adlcp_v1p3.xsd   http://www.imsglobal.org/xsd/imsss imsss_v1p0.xsd http://www.adlnet.org/xsd/adlseq_v1p3   adlseq_v1p3.xsd http://www.adlnet.org/xsd/adlnav_v1p3 adlnav_v1p3.xsd" version="1.3">
  <metadata>
    <schema>ADL SCORM</schema>
    <schemaversion>2004 4th Edition</schemaversion>
  </metadata>
  <organizations default="ORG-ADL-TEMPLATES">
    <organization identifier="ORG-ADL-TEMPLATES" adlseq:objectivesGlobalToSystem="false">
      <title>ET Bundle Example</title>
      <item identifier="CLUSTER-ADL-TEMPLATES-TEMP_10_MAIN" isvisible="false">
        <title>Template 10: Pre- and Post-Test Sequencing wtih New Content for Remediation</title>
        <item identifier="CLUSTER-ADL-TEMPLATES-TEMP_10" isvisible="true">
          <title>Template 10: Pre- and Post-Test Sequencing wtih New Content for Remediation</title>
          <item identifier="SCO-ADL-TEMPLATES-TEMP10_1" identifierref="RES-TEMP10_1">
            <title>SCO-A: Pre-Test</title>
            <imsss:sequencing>
              <imsss:rollupRules rollupObjectiveSatisfied="false" rollupProgressCompletion="false" objectiveMeasureWeight="1.0000" />
              <imsss:objectives>
                <imsss:primaryObjective satisfiedByMeasure="false" objectiveID="urn:lsal.org/Transistor/sco-A/primary_objective" />
                <imsss:objective satisfiedByMeasure="false" objectiveID="urn:lsal.org/Transistor/sco-A/obj-1">
                  <imsss:mapInfo targetObjectiveID="urn:lsal.org/Transistor/global-obj-1" readSatisfiedStatus="false" readNormalizedMeasure="false" writeSatisfiedStatus="true" writeNormalizedMeasure="false" />
                </imsss:objective>
                <imsss:objective satisfiedByMeasure="false" objectiveID="urn:lsal.org/Transistor/sco-A/obj-2">
                  <imsss:mapInfo targetObjectiveID="urn:lsal.org/Transistor/global-obj-2" readSatisfiedStatus="false" readNormalizedMeasure="false" writeSatisfiedStatus="true" writeNormalizedMeasure="false" />
                </imsss:objective>
              </imsss:objectives>
            </imsss:sequencing>
            <adlnav:presentation>
              <adlnav:navigationInterface>
                <adlnav:hideLMSUI>continue</adlnav:hideLMSUI>
                <adlnav:hideLMSUI>previous</adlnav:hideLMSUI>
                <adlnav:hideLMSUI>abandon</adlnav:hideLMSUI>
                <adlnav:hideLMSUI>abandonAll</adlnav:hideLMSUI>
                <adlnav:hideLMSUI>exitAll</adlnav:hideLMSUI>
                <adlnav:hideLMSUI>exit</adlnav:hideLMSUI>
              </adlnav:navigationInterface>
            </adlnav:presentation>
          </item>
          <item identifier="CLUSTER-ADL-TEMPLATES-TEMP10_1" isvisible="true">
            <title>Aggregation-A</title>
            <item identifier="SCO-ADL-TEMPLATES-TEMP10_2" identifierref="RES-TEMP10_2">
              <title>SCO-1a: Instruction</title>
              <imsss:sequencing>
                <imsss:sequencingRules>
                  <imsss:preConditionRule>
                    <imsss:ruleConditions conditionCombination="all">
                      <imsss:ruleCondition operator="noOp" referencedObjective="urn:lsal.org/Transistor/sco-1/obj-1" condition="satisfied" />
                    </imsss:ruleConditions>
                    <imsss:ruleAction action="skip" />
                  </imsss:preConditionRule>
                  <imsss:preConditionRule>
                    <imsss:ruleConditions conditionCombination="all">
                      <imsss:ruleCondition operator="not" referencedObjective="urn:lsal.org/Transistor/sco-1/obj-1" condition="objectiveStatusKnown" />
                    </imsss:ruleConditions>
                    <imsss:ruleAction action="hiddenFromChoice" />
                  </imsss:preConditionRule>
                </imsss:sequencingRules>
                <imsss:rollupRules rollupObjectiveSatisfied="false" rollupProgressCompletion="false" objectiveMeasureWeight="1.0000" />
                <imsss:objectives>
                  <imsss:primaryObjective satisfiedByMeasure="false" objectiveID="urn:lsal.org/Transistor/sco-1/primary_objective" />
                  <imsss:objective satisfiedByMeasure="false" objectiveID="urn:lsal.org/Transistor/sco-1/obj-1">
                    <imsss:mapInfo targetObjectiveID="urn:lsal.org/Transistor/global-obj-1" readSatisfiedStatus="true" readNormalizedMeasure="false" writeSatisfiedStatus="false" writeNormalizedMeasure="false" />
                  </imsss:objective>
                </imsss:objectives>
              </imsss:sequencing>
              <adlnav:presentation>
                <adlnav:navigationInterface>
                  <adlnav:hideLMSUI>continue</adlnav:hideLMSUI>
                  <adlnav:hideLMSUI>previous</adlnav:hideLMSUI>
                  <adlnav:hideLMSUI>abandon</adlnav:hideLMSUI>
                  <adlnav:hideLMSUI>abandonAll</adlnav:hideLMSUI>
                  <adlnav:hideLMSUI>exitAll</adlnav:hideLMSUI>
                  <adlnav:hideLMSUI>exit</adlnav:hideLMSUI>
                </adlnav:navigationInterface>
              </adlnav:presentation>
            </item>
            <item identifier="SCO-ADL-TEMPLATES-TEMP10_3" identifierref="RES-TEMP10_3">
              <title>SCO-2a: Instruction</title>
              <imsss:sequencing>
                <imsss:sequencingRules>
                  <imsss:preConditionRule>
                    <imsss:ruleConditions conditionCombination="all">
                      <imsss:ruleCondition operator="noOp" referencedObjective="urn:lsal.org/Transistor/sco-2/obj-1" condition="satisfied" />
                    </imsss:ruleConditions>
                    <imsss:ruleAction action="skip" />
                  </imsss:preConditionRule>
                  <imsss:preConditionRule>
                    <imsss:ruleConditions conditionCombination="all">
                      <imsss:ruleCondition operator="not" referencedObjective="urn:lsal.org/Transistor/sco-2/obj-1" condition="objectiveStatusKnown" />
                    </imsss:ruleConditions>
                    <imsss:ruleAction action="hiddenFromChoice" />
                  </imsss:preConditionRule>
                </imsss:sequencingRules>
                <imsss:rollupRules rollupObjectiveSatisfied="false" rollupProgressCompletion="false" objectiveMeasureWeight="1.0000" />
                <imsss:objectives>
                  <imsss:primaryObjective satisfiedByMeasure="false" objectiveID="urn:lsal.org/Transistor/sco-2/primary_objective" />
                  <imsss:objective satisfiedByMeasure="false" objectiveID="urn:lsal.org/Transistor/sco-2/obj-1">
                    <imsss:mapInfo targetObjectiveID="urn:lsal.org/Transistor/global-obj-2" readSatisfiedStatus="true" readNormalizedMeasure="false" writeSatisfiedStatus="false" writeNormalizedMeasure="false" />
                  </imsss:objective>
                </imsss:objectives>
              </imsss:sequencing>
              <adlnav:presentation>
                <adlnav:navigationInterface>
                  <adlnav:hideLMSUI>continue</adlnav:hideLMSUI>
                  <adlnav:hideLMSUI>previous</adlnav:hideLMSUI>
                  <adlnav:hideLMSUI>abandon</adlnav:hideLMSUI>
                  <adlnav:hideLMSUI>abandonAll</adlnav:hideLMSUI>
                  <adlnav:hideLMSUI>exitAll</adlnav:hideLMSUI>
                  <adlnav:hideLMSUI>exit</adlnav:hideLMSUI>
                </adlnav:navigationInterface>
              </adlnav:presentation>
            </item>
            <item identifier="SCO-ADL-TEMPLATES-TEMP10_4" identifierref="RES-TEMP10_4">
              <title>SCO-3a: Post-Test</title>
              <imsss:sequencing>
                <imsss:sequencingRules>
                  <imsss:preConditionRule>
                    <imsss:ruleConditions conditionCombination="all">
                      <imsss:ruleCondition operator="noOp" condition="always" />
                    </imsss:ruleConditions>
                    <imsss:ruleAction action="hiddenFromChoice" />
                  </imsss:preConditionRule>
                  <imsss:postConditionRule>
                    <imsss:ruleConditions conditionCombination="all">
                      <imsss:ruleCondition condition="always" />
                    </imsss:ruleConditions>
                    <imsss:ruleAction action="exitParent" />
                  </imsss:postConditionRule>
                </imsss:sequencingRules>
                <imsss:rollupRules objectiveMeasureWeight="1.0000" />
                <imsss:objectives>
                  <imsss:primaryObjective satisfiedByMeasure="false" objectiveID="primary-obj" />
                  <imsss:objective satisfiedByMeasure="false" objectiveID="urn:lsal.org/Transistor/sco-C/obj-1">
                    <imsss:mapInfo targetObjectiveID="urn:lsal.org/Transistor/global-obj-3" readSatisfiedStatus="false" readNormalizedMeasure="false" writeSatisfiedStatus="true" writeNormalizedMeasure="false" />
                  </imsss:objective>
                  <imsss:objective satisfiedByMeasure="false" objectiveID="urn:lsal.org/Transistor/sco-C/obj-2">
                    <imsss:mapInfo targetObjectiveID="urn:lsal.org/Transistor/global-obj-4" readSatisfiedStatus="false" readNormalizedMeasure="false" writeSatisfiedStatus="true" writeNormalizedMeasure="false" />
                  </imsss:objective>
                </imsss:objectives>
              </imsss:sequencing>
              <adlnav:presentation>
                <adlnav:navigationInterface>
                  <adlnav:hideLMSUI>continue</adlnav:hideLMSUI>
                  <adlnav:hideLMSUI>previous</adlnav:hideLMSUI>
                  <adlnav:hideLMSUI>abandon</adlnav:hideLMSUI>
                  <adlnav:hideLMSUI>abandonAll</adlnav:hideLMSUI>
                  <adlnav:hideLMSUI>exitAll</adlnav:hideLMSUI>
                  <adlnav:hideLMSUI>exit</adlnav:hideLMSUI>
                </adlnav:navigationInterface>
              </adlnav:presentation>
            </item>
            <imsss:sequencing>
              <imsss:controlMode choice="true" choiceExit="false" flow="true" forwardOnly="false" useCurrentAttemptObjectiveInfo="true" useCurrentAttemptProgressInfo="true" />
              <imsss:sequencingRules>
                <imsss:postConditionRule>
                  <imsss:ruleConditions conditionCombination="all">
                    <imsss:ruleCondition condition="satisfied" />
                  </imsss:ruleConditions>
                  <imsss:ruleAction action="exitParent" />
                </imsss:postConditionRule>
              </imsss:sequencingRules>
              <imsss:rollupRules objectiveMeasureWeight="1.0000" />
            </imsss:sequencing>
          </item>
          <item identifier="CLUSTER-ADL-TEMPLATES-TEMP10_2" isvisible="true">
            <title>Aggregation-B</title>
            <item identifier="SCO-ADL-TEMPLATES-TEMP10_5" identifierref="RES-TEMP10_5">
              <title>SCO-3b: Remediation</title>
              <imsss:sequencing>
                <imsss:sequencingRules>
                  <imsss:preConditionRule>
                    <imsss:ruleConditions conditionCombination="all">
                      <imsss:ruleCondition operator="noOp" referencedObjective="urn:lsal.org/Transistor/sco-3/obj-1" condition="satisfied" />
                    </imsss:ruleConditions>
                    <imsss:ruleAction action="skip" />
                  </imsss:preConditionRule>
                  <imsss:preConditionRule>
                    <imsss:ruleConditions conditionCombination="all">
                      <imsss:ruleCondition operator="not" referencedObjective="urn:lsal.org/Transistor/sco-3/obj-1" condition="objectiveStatusKnown" />
                    </imsss:ruleConditions>
                    <imsss:ruleAction action="hiddenFromChoice" />
                  </imsss:preConditionRule>
                </imsss:sequencingRules>
                <imsss:rollupRules rollupObjectiveSatisfied="false" rollupProgressCompletion="false" objectiveMeasureWeight="1.0000" />
                <imsss:objectives>
                  <imsss:primaryObjective satisfiedByMeasure="false" objectiveID="urn:lsal.org/Transistor/sco-3/primary_objective" />
                  <imsss:objective satisfiedByMeasure="false" objectiveID="urn:lsal.org/Transistor/sco-3/obj-1">
                    <imsss:mapInfo targetObjectiveID="urn:lsal.org/Transistor/global-obj-3" readSatisfiedStatus="true" readNormalizedMeasure="false" />
                  </imsss:objective>
                </imsss:objectives>
              </imsss:sequencing>
              <adlnav:presentation>
                <adlnav:navigationInterface>
                  <adlnav:hideLMSUI>continue</adlnav:hideLMSUI>
                  <adlnav:hideLMSUI>previous</adlnav:hideLMSUI>
                  <adlnav:hideLMSUI>abandon</adlnav:hideLMSUI>
                  <adlnav:hideLMSUI>abandonAll</adlnav:hideLMSUI>
                  <adlnav:hideLMSUI>exitAll</adlnav:hideLMSUI>
                  <adlnav:hideLMSUI>exit</adlnav:hideLMSUI>
                </adlnav:navigationInterface>
              </adlnav:presentation>
            </item>
            <item identifier="SCO-ADL-TEMPLATES-TEMP10_6" identifierref="RES-TEMP10_6">
              <title>SCO-4b: Remediation</title>
              <imsss:sequencing>
                <imsss:sequencingRules>
                  <imsss:preConditionRule>
                    <imsss:ruleConditions conditionCombination="all">
                      <imsss:ruleCondition operator="noOp" referencedObjective="urn:lsal.org/Transistor/sco-4/obj-1" condition="satisfied" />
                    </imsss:ruleConditions>
                    <imsss:ruleAction action="skip" />
                  </imsss:preConditionRule>
                  <imsss:preConditionRule>
                    <imsss:ruleConditions conditionCombination="all">
                      <imsss:ruleCondition operator="not" referencedObjective="urn:lsal.org/Transistor/sco-4/obj-1" condition="objectiveStatusKnown" />
                    </imsss:ruleConditions>
                    <imsss:ruleAction action="hiddenFromChoice" />
                  </imsss:preConditionRule>
                </imsss:sequencingRules>
                <imsss:rollupRules rollupObjectiveSatisfied="false" rollupProgressCompletion="false" objectiveMeasureWeight="1.0000" />
                <imsss:objectives>
                  <imsss:primaryObjective satisfiedByMeasure="false" objectiveID="urn:lsal.org/Transistor/sco-4/primary_objective" />
                  <imsss:objective satisfiedByMeasure="false" objectiveID="urn:lsal.org/Transistor/sco-4/obj-1">
                    <imsss:mapInfo targetObjectiveID="urn:lsal.org/Transistor/global-obj-4" readSatisfiedStatus="true" readNormalizedMeasure="false" writeSatisfiedStatus="false" writeNormalizedMeasure="false" />
                  </imsss:objective>
                </imsss:objectives>
              </imsss:sequencing>
              <adlnav:presentation>
                <adlnav:navigationInterface>
                  <adlnav:hideLMSUI>continue</adlnav:hideLMSUI>
                  <adlnav:hideLMSUI>previous</adlnav:hideLMSUI>
                  <adlnav:hideLMSUI>abandon</adlnav:hideLMSUI>
                  <adlnav:hideLMSUI>abandonAll</adlnav:hideLMSUI>
                  <adlnav:hideLMSUI>exitAll</adlnav:hideLMSUI>
                  <adlnav:hideLMSUI>exit</adlnav:hideLMSUI>
                </adlnav:navigationInterface>
              </adlnav:presentation>
            </item>
            <item identifier="SCO-ADL-TEMPLATES-TEMP10_7" identifierref="RES-TEMP10_7">
              <title>SCO-3b: Post-Test for Mastery</title>
              <imsss:sequencing>
                <imsss:sequencingRules>
                  <imsss:preConditionRule>
                    <imsss:ruleConditions conditionCombination="all">
                      <imsss:ruleCondition condition="always" />
                    </imsss:ruleConditions>
                    <imsss:ruleAction action="hiddenFromChoice" />
                  </imsss:preConditionRule>
                </imsss:sequencingRules>
                <imsss:rollupRules objectiveMeasureWeight="1.0000" />
              </imsss:sequencing>
              <adlnav:presentation>
                <adlnav:navigationInterface>
                  <adlnav:hideLMSUI>continue</adlnav:hideLMSUI>
                  <adlnav:hideLMSUI>previous</adlnav:hideLMSUI>
                  <adlnav:hideLMSUI>abandon</adlnav:hideLMSUI>
                  <adlnav:hideLMSUI>abandonAll</adlnav:hideLMSUI>
                  <adlnav:hideLMSUI>exitAll</adlnav:hideLMSUI>
                  <adlnav:hideLMSUI>exit</adlnav:hideLMSUI>
                </adlnav:navigationInterface>
              </adlnav:presentation>
            </item>
            <imsss:sequencing>
              <imsss:controlMode choice="false" choiceExit="false" flow="true" forwardOnly="false" useCurrentAttemptObjectiveInfo="true" useCurrentAttemptProgressInfo="true" />
              <imsss:rollupRules objectiveMeasureWeight="1.0000" />
            </imsss:sequencing>
          </item>
          <imsss:sequencing>
            <imsss:controlMode choice="false" choiceExit="true" flow="true" forwardOnly="false" useCurrentAttemptObjectiveInfo="true" useCurrentAttemptProgressInfo="true" />
            <imsss:sequencingRules>
              <imsss:exitConditionRule>
                <imsss:ruleConditions conditionCombination="all">
                  <imsss:ruleCondition operator="noOp" condition="satisfied" />
                </imsss:ruleConditions>
                <imsss:ruleAction action="exit" />
              </imsss:exitConditionRule>
              <imsss:exitConditionRule>
                <imsss:ruleConditions conditionCombination="all">
                  <imsss:ruleCondition operator="noOp" condition="completed" />
                </imsss:ruleConditions>
                <imsss:ruleAction action="exit" />
              </imsss:exitConditionRule>
            </imsss:sequencingRules>
            <imsss:rollupRules rollupObjectiveSatisfied="true" rollupProgressCompletion="true" objectiveMeasureWeight="0">
              <imsss:rollupRule childActivitySet="any">
                <imsss:rollupConditions conditionCombination="any">
                  <imsss:rollupCondition condition="satisfied" />
                </imsss:rollupConditions>
                <imsss:rollupAction action="satisfied" />
              </imsss:rollupRule>
              <imsss:rollupRule childActivitySet="all">
                <imsss:rollupConditions conditionCombination="any">
                  <imsss:rollupCondition operator="not" condition="satisfied" />
                </imsss:rollupConditions>
                <imsss:rollupAction action="notSatisfied" />
              </imsss:rollupRule>
              <imsss:rollupRule childActivitySet="any">
                <imsss:rollupConditions conditionCombination="any">
                  <imsss:rollupCondition condition="satisfied" />
                </imsss:rollupConditions>
                <imsss:rollupAction action="completed" />
              </imsss:rollupRule>
            </imsss:rollupRules>
          </imsss:sequencing>
        </item>
        <imsss:sequencing>
          <imsss:controlMode choice="false" choiceExit="false" flow="true" forwardOnly="true" useCurrentAttemptObjectiveInfo="true" useCurrentAttemptProgressInfo="true" />
          <imsss:sequencingRules>
            <imsss:postConditionRule>
              <imsss:ruleConditions conditionCombination="all">
                <imsss:ruleCondition condition="always" />
              </imsss:ruleConditions>
              <imsss:ruleAction action="exitParent" />
            </imsss:postConditionRule>
          </imsss:sequencingRules>
          <imsss:rollupRules rollupObjectiveSatisfied="false" rollupProgressCompletion="false" />
        </imsss:sequencing>
      </item>
      <imsss:sequencing>
        <imsss:controlMode flow="true" choice="false" />
        <imsss:sequencingRules>
          <imsss:postConditionRule>
            <imsss:ruleConditions conditionCombination="all">
              <imsss:ruleCondition condition="always" />
            </imsss:ruleConditions>
            <imsss:ruleAction action="retryAll" />
          </imsss:postConditionRule>
        </imsss:sequencingRules>
        <imsss:rollupRules rollupObjectiveSatisfied="true" rollupProgressCompletion="true" objectiveMeasureWeight="0">
          <imsss:rollupRule childActivitySet="all">
            <imsss:rollupConditions conditionCombination="any">
              <imsss:rollupCondition condition="satisfied" />
            </imsss:rollupConditions>
            <imsss:rollupAction action="satisfied" />
          </imsss:rollupRule>
          <imsss:rollupRule childActivitySet="any">
            <imsss:rollupConditions conditionCombination="any">
              <imsss:rollupCondition operator="not" condition="satisfied" />
            </imsss:rollupConditions>
            <imsss:rollupAction action="notSatisfied" />
          </imsss:rollupRule>
          <imsss:rollupRule childActivitySet="any">
            <imsss:rollupConditions conditionCombination="any">
              <imsss:rollupCondition operator="not" condition="satisfied" />
            </imsss:rollupConditions>
            <imsss:rollupAction action="incomplete" />
          </imsss:rollupRule>
          <imsss:rollupRule childActivitySet="all">
            <imsss:rollupConditions conditionCombination="any">
              <imsss:rollupCondition condition="completed" />
            </imsss:rollupConditions>
            <imsss:rollupAction action="completed" />
          </imsss:rollupRule>
        </imsss:rollupRules>
      </imsss:sequencing>
    </organization>
  </organizations>
  <resources>
    <resource adlcp:scormType="sco" xml:base="content/Transistor/" href="IniReading.html" identifier="IniReading.html" type="webcontent" />
    <resource identifier="RES-TEMP10_1" adlcp:scormType="sco" href="AutoTutorDR.html" type="webcontent" xml:base="content/Transistor/">
      <file href="../images/adl_t10_a.png" />
      <file href="../images/t10_rules.png" />
      <file href="../util/apiwrapper.js" />
      <file href="SCO-A_Pre-Test.html" />
      <file href="config.js" />
      <dependency identifierref="RES-COMMON" />
    </resource>
    <resource identifier="RES-TEMP10_2" adlcp:scormType="sco" href="BBN.html" type="webcontent" xml:base="content/Transistor/">
      <file href="../images/adl_t10_1a.png" />
      <file href="../images/t10_rules.png" />
      <file href="../util/apiwrapper.js" />
      <file href="SCO-1a_Instruction.html" />
      <file href="config.js" />
      <dependency identifierref="RES-COMMON" />
    </resource>
    <resource identifier="RES-TEMP10_3" adlcp:scormType="sco" href="SkillBuilding.html" type="webcontent" xml:base="content/Transistor/">
      <file href="../images/adl_t10_2a.png" />
      <file href="../images/t10_rules.png" />
      <file href="../util/apiwrapper.js" />
      <file href="SCO-2a_Instruction.html" />
      <file href="config.js" />
      <dependency identifierref="RES-COMMON" />
    </resource>
    <resource identifier="RES-TEMP10_4" adlcp:scormType="sco" href="AutoTutorKC.html" type="webcontent" xml:base="content/Transistor/">
      <file href="../images/adl_t10_3a.png" />
      <file href="../images/t10_rules.png" />
      <file href="../util/apiwrapper.js" />
      <file href="SCO-3a_Post-Test.html" />
      <file href="config.js" />
      <dependency identifierref="RES-COMMON" />
    </resource>
    <resource identifier="RES-TEMP10_5" adlcp:scormType="sco" href="ATTReading.html" type="webcontent" xml:base="content/Transistor/">
      <file href="../images/adl_t10_1b.png" />
      <file href="../images/t10_rules.png" />
      <file href="../util/apiwrapper.js" />
      <file href="SCO-1b_Remediation.html" />
      <file href="config.js" />
      <dependency identifierref="RES-COMMON" />
    </resource>
    <resource identifier="RES-TEMP10_6" adlcp:scormType="sco" href="Dragoon.html" type="webcontent" xml:base="content/Transistor/">
      <file href="../images/adl_t10_2b.png" />
      <file href="../images/t10_rules.png" />
      <file href="../util/apiwrapper.js" />
      <file href="SCO-2b_Remediation.html" />
      <file href="config.js" />
      <dependency identifierref="RES-COMMON" />
    </resource>
    <resource identifier="RES-TEMP10_7" adlcp:scormType="sco" href="AutoTutorDRQ.html" type="webcontent" xml:base="content/Transistor/">
      <file href="../images/adl_t10_3b.png" />
      <file href="../images/t10_rules.png" />
      <file href="../util/apiwrapper.js" />
      <file href="SCO-3b_Post-Test_Mastery.html" />
      <file href="config.js" />
      <dependency identifierref="RES-COMMON" />
    </resource>
    <resource identifier="RES-FLOWBACK" adlcp:scormType="sco" href="flowback.html" type="webcontent" xml:base="content/misc/">
      <file href="../util/apiwrapper.js" />
      <file href="flowback.html" />
    </resource>
    <resource identifier="RES-AAR" adlcp:scormType="sco" href="aar.html" type="webcontent" xml:base="content/misc/">
      <file href="../util/apiwrapper.js" />
      <file href="aar.html" />
      <file href="config.js" />
      <dependency identifierref="RES-COMMON" />
    </resource>
    <resource identifier="RES-REFS" adlcp:scormType="sco" href="references.html" type="webcontent" xml:base="content/misc/">
      <file href="../util/apiwrapper.js" />
      <file href="config.js" />
      <file href="references.html" />
      <dependency identifierref="RES-COMMON" />
    </resource>
    <resource identifier="RES-COMMON" adlcp:scormType="asset" type="webcontent" xml:base="content/">
      <file href="css/jquery-ui-1.7.2.custom.css" />
      <file href="css/smoothness/images/ui-bg_flat_0_aaaaaa_40x100.png" />
      <file href="css/smoothness/images/ui-bg_flat_75_ffffff_40x100.png" />
      <file href="css/smoothness/images/ui-bg_glass_55_fbf9ee_1x400.png" />
      <file href="css/smoothness/images/ui-bg_glass_65_ffffff_1x400.png" />
      <file href="css/smoothness/images/ui-bg_glass_75_dadada_1x400.png" />
      <file href="css/smoothness/images/ui-bg_glass_75_e6e6e6_1x400.png" />
      <file href="css/smoothness/images/ui-bg_glass_95_fef1ec_1x400.png" />
      <file href="css/smoothness/images/ui-bg_highlight-soft_75_cccccc_1x100.png" />
      <file href="css/smoothness/images/ui-icons_222222_256x240.png" />
      <file href="css/smoothness/images/ui-icons_2e83ff_256x240.png" />
      <file href="css/smoothness/images/ui-icons_454545_256x240.png" />
      <file href="css/smoothness/images/ui-icons_888888_256x240.png" />
      <file href="css/smoothness/images/ui-icons_cd0a0a_256x240.png" />
      <file href="css/smoothness/jquery-ui-1.7.2.custom.css" />
      <file href="css/template.css" />
      <file href="images/adl_gui_template.jpg" />
      <file href="images/adl_gui_template.png" />
      <file href="images/adl_respond_panel.jpg" />
      <file href="images/adl_respond_panel.png" />
      <file href="images/close_btn.png" />
      <file href="images/failed_btn.png" />
      <file href="images/failed_ro.png" />
      <file href="images/move_bumps.png" />
      <file href="images/move_icon.png" />
      <file href="images/next_btn.png" />
      <file href="images/next_ro.png" />
      <file href="images/passed_btn.png" />
      <file href="images/passed_ro.png" />
      <file href="images/references_btn.png" />
      <file href="images/references_ro.png" />
      <file href="images/showrules_btn.png" />
      <file href="images/showrules_ro.png" />
      <file href="images/templates_btn.png" />
      <file href="images/templates_ro.png" />
      <file href="images/welcome_btn.png" />
      <file href="images/welcome_ro.png" />
      <file href="lsal_templates/template1.zip" />
      <file href="lsal_templates/template10.zip" />
      <file href="lsal_templates/template3.zip" />
      <file href="lsal_templates/template4choice.zip" />
      <file href="lsal_templates/template4flow.zip" />
      <file href="lsal_templates/template5a.zip" />
      <file href="lsal_templates/template5b.zip" />
      <file href="lsal_templates/template6.zip" />
      <file href="lsal_templates/template7.zip" />
      <file href="lsal_templates/template8.zip" />
      <file href="lsal_templates/template9.zip" />
      <file href="util/apiwrapper.js" />
      <file href="util/jquery-1.2.1.js" />
      <file href="util/jquery-1.3.2.min.js" />
      <file href="util/jquery-ui-1.7.2.custom.min.js" />
      <file href="util/json.js" />
      <file href="util/utils.js" />
    </resource>
  </resources>
</manifest>

